text,comment_id,annotator_id,sentiment,respect,insult,humiliate,status,dehumanize,violence,genocide,attack_defend,hatespeech,hate_speech_score,annotator_severity,annotator_infitms,annotator_outfitms
Have fun giving birth to a baby that someone impregnated you by raping you,170,3674,4.0,4.0,3.0,3.0,3.0,3.0,1.0,1.0,3.0,0.0,0.8,0.1,0.7,1.08
"Who CARES you fucking faggot. Oh no, faggot is a slerr",364,2277,4.0,4.0,4.0,4.0,4.0,4.0,1.0,0.0,4.0,2.0,2.64,0.02,1.36,1.67
"Who CARES you fucking faggot. Oh no, faggot is a slerr",364,2998,4.0,4.0,4.0,4.0,3.0,3.0,1.0,1.0,3.0,2.0,2.64,0.52,0.81,2.61
"Who CARES you fucking faggot. Oh no, faggot is a slerr",364,8597,4.0,4.0,4.0,4.0,0.0,4.0,3.0,3.0,3.0,2.0,2.64,0.33,1.01,1.6
"Who CARES you fucking faggot. Oh no, faggot is a slerr",364,9156,4.0,4.0,4.0,4.0,4.0,1.0,0.0,0.0,4.0,2.0,2.64,0.29,1.48,2.43
Why are you such degenerate fucks?,401,853,4.0,4.0,4.0,4.0,4.0,0.0,0.0,0.0,4.0,2.0,1.44,-0.61,1.02,1.0
"Maybe men should keep their nasty dicks in their fucking pants then, fucking whores.",423,2040,4.0,4.0,4.0,4.0,3.0,3.0,1.0,0.0,3.0,2.0,1.95,-0.34,1.29,1.26
"Maybe men should keep their nasty dicks in their fucking pants then, fucking whores.",423,6226,4.0,4.0,4.0,4.0,4.0,4.0,0.0,0.0,4.0,0.0,1.95,-0.39,1.3,0.77
"Maybe men should keep their nasty dicks in their fucking pants then, fucking whores.",423,8767,4.0,4.0,4.0,4.0,4.0,3.0,0.0,0.0,4.0,0.0,1.95,0.35,1.35,0.95
KILL WHITEY,545,1880,4.0,4.0,4.0,1.0,4.0,1.0,3.0,4.0,4.0,2.0,2.97,0.7,0.93,0.9
KILL WHITEY,545,3677,4.0,4.0,4.0,4.0,4.0,3.0,4.0,4.0,4.0,2.0,2.97,-0.3,1.11,0.92
KILL WHITEY,545,6707,4.0,4.0,4.0,3.0,3.0,3.0,4.0,4.0,4.0,2.0,2.97,0.53,1.07,0.67
KILL WHITEY,545,9723,4.0,4.0,4.0,2.0,2.0,2.0,4.0,4.0,4.0,0.0,2.97,0.73,1.56,1.7
"I'm Polish and you're right, while church attendance is diminishing, it's still very high. 87-92% of the population self-identifies as Catholic, and more than 35% of them attend the Mass every Sunday. There's some hope though: URL.jpg",664,290,1.0,2.0,0.0,0.0,2.0,0.0,0.0,0.0,2.0,0.0,-4.03,-0.17,0.94,0.65
"I'm Polish and you're right, while church attendance is diminishing, it's still very high. 87-92% of the population self-identifies as Catholic, and more than 35% of them attend the Mass every Sunday. There's some hope though: URL.jpg",664,2550,2.0,0.0,0.0,0.0,2.0,0.0,0.0,0.0,2.0,0.0,-4.03,-0.47,1.04,0.8
"I'm Polish and you're right, while church attendance is diminishing, it's still very high. 87-92% of the population self-identifies as Catholic, and more than 35% of them attend the Mass every Sunday. There's some hope though: URL.jpg",664,5062,1.0,1.0,0.0,0.0,2.0,1.0,0.0,0.0,2.0,0.0,-4.03,-0.68,1.28,1.36
"I'm Polish and you're right, while church attendance is diminishing, it's still very high. 87-92% of the population self-identifies as Catholic, and more than 35% of them attend the Mass every Sunday. There's some hope though: URL.jpg",664,9843,2.0,2.0,0.0,0.0,2.0,0.0,0.0,0.0,2.0,0.0,-4.03,-0.93,1.09,1.04
Don't worry nazis hate you too. When we win and turn America into a empire we're gonna nail all you people to a cross.,801,707,4.0,2.0,1.0,1.0,2.0,1.0,1.0,1.0,0.0,0.0,-1.52,-0.67,1.29,1.57
Don't worry nazis hate you too. When we win and turn America into a empire we're gonna nail all you people to a cross.,801,1959,3.0,3.0,3.0,3.0,3.0,3.0,2.0,3.0,3.0,1.0,-1.52,-0.26,0.97,1.21
"I say, God is dead so I'll have my Satan pray for you, loser",995,4339,4.0,4.0,3.0,2.0,3.0,0.0,0.0,0.0,4.0,0.0,-0.09,-0.16,1.07,0.86
"I say, God is dead so I'll have my Satan pray for you, loser",995,8134,4.0,4.0,3.0,3.0,3.0,2.0,1.0,1.0,4.0,0.0,-0.09,-1.07,0.96,0.91
">Now there is another wackadoo called Shelle that she has shifted her allegiance to While not nice, at least you can through some churchy sounding words point your mother to repentance for putting some whackadoodle over the actual leadership of the church.",1054,6228,3.0,3.0,3.0,2.0,2.0,1.0,0.0,0.0,2.0,2.0,-0.48,0.84,0.97,0.9
">Now there is another wackadoo called Shelle that she has shifted her allegiance to While not nice, at least you can through some churchy sounding words point your mother to repentance for putting some whackadoodle over the actual leadership of the church.",1054,7524,4.0,3.0,3.0,2.0,2.0,2.0,0.0,0.0,2.0,1.0,-0.48,0.23,1.18,0.99
">Now there is another wackadoo called Shelle that she has shifted her allegiance to While not nice, at least you can through some churchy sounding words point your mother to repentance for putting some whackadoodle over the actual leadership of the church.",1054,9982,3.0,3.0,3.0,3.0,2.0,3.0,0.0,0.0,3.0,0.0,-0.48,-0.75,1.01,0.77
">Now there is another wackadoo called Shelle that she has shifted her allegiance to While not nice, at least you can through some churchy sounding words point your mother to repentance for putting some whackadoodle over the actual leadership of the church.",1054,11079,4.0,3.0,4.0,4.0,2.0,3.0,2.0,0.0,3.0,2.0,-0.48,-0.77,1.94,1.28
She should be knocked down and broken.,1482,2711,4.0,3.0,3.0,2.0,3.0,2.0,3.0,0.0,3.0,0.0,-0.43,-0.4,1.28,2.13
Bottom bitches should get locked up in a cock cage!! You aren't gonna need it anyways!! Now let's get started!!,1630,2065,4.0,4.0,4.0,4.0,4.0,3.0,3.0,0.0,3.0,0.0,1.43,0.07,1.12,1.01
Bottom bitches should get locked up in a cock cage!! You aren't gonna need it anyways!! Now let's get started!!,1630,6095,4.0,3.0,3.0,3.0,2.0,3.0,3.0,2.0,4.0,2.0,1.43,0.56,1.01,1.11
Bottom bitches should get locked up in a cock cage!! You aren't gonna need it anyways!! Now let's get started!!,1630,8979,3.0,3.0,3.0,4.0,3.0,4.0,1.0,0.0,3.0,0.0,1.43,0.34,1.14,1.01
"I'd start by licking your sack, really showing some love to those big balls, then lick up your shaft, getting it nice and sloppy. Then I'd suck on your cockhead, push my tongue under your foreskin, twirl my tongue around your head before taking that thick cock down my throat and letting you face fuck me.",1793,10753,0.0,0.0,0.0,0.0,2.0,0.0,0.0,0.0,1.0,0.0,-6.76,-0.45,1.09,0.8
Ahh yeah I get what you're saying. Well time to grab them and cut their dicks off. Hard to commie rape when you know you're dick will get cut off.,2221,5566,4.0,3.0,3.0,3.0,4.0,2.0,0.0,0.0,3.0,2.0,1.67,0.36,0.85,0.92
Her cunt became the world.,2371,2307,3.0,4.0,4.0,3.0,2.0,0.0,0.0,0.0,3.0,0.0,-2.23,-0.52,1.11,0.79
Her cunt became the world.,2371,4163,1.0,2.0,1.0,1.0,2.0,1.0,0.0,0.0,2.0,0.0,-2.23,-0.88,1.3,1.01
Her cunt became the world.,2371,5376,2.0,3.0,2.0,3.0,2.0,2.0,1.0,0.0,2.0,0.0,-2.23,-0.39,1.51,1.36
"> For every year a man ages so his dating pool grows  Aha, those 70 y. o. Chads clean up mad pussy bra.",2606,2975,2.0,1.0,1.0,1.0,1.0,0.0,0.0,0.0,1.0,0.0,-3.72,-0.86,1.1,1.18
"> For every year a man ages so his dating pool grows  Aha, those 70 y. o. Chads clean up mad pussy bra.",2606,9928,2.0,3.0,1.0,1.0,1.0,1.0,0.0,0.0,2.0,0.0,-3.72,-0.29,1.45,1.42
What a dumb hoe,2692,658,4.0,4.0,4.0,4.0,4.0,3.0,0.0,0.0,3.0,0.0,1.67,0.23,0.88,0.79
What a dumb hoe,2692,8607,4.0,4.0,4.0,4.0,3.0,3.0,0.0,0.0,3.0,0.0,1.67,0.03,0.96,1.03
Grown men fighting to take away the rights of women. What a disgusting world we live in.,3428,7423,1.0,1.0,1.0,1.0,2.0,1.0,1.0,1.0,1.0,0.0,-2.41,0.62,0.88,0.95
Grown men fighting to take away the rights of women. What a disgusting world we live in.,3428,9487,3.0,1.0,3.0,2.0,2.0,1.0,0.0,0.0,4.0,0.0,-2.41,-0.39,1.86,1.36
Grown men fighting to take away the rights of women. What a disgusting world we live in.,3428,10965,3.0,2.0,2.0,1.0,2.0,0.0,0.0,0.0,0.0,0.0,-2.41,0.54,1.03,0.78
LOL I would be willing to bet you're a 12 year old punk kid with a maturity level to match. You can call people faggots behind a screen. Big tough guy you are. How go fly a kite little kid.,3534,5651,4.0,3.0,3.0,1.0,4.0,0.0,0.0,0.0,2.0,2.0,-0.15,0.23,0.91,0.88
I like pride month personally bc I take a lot of pride in being a lesbian and surviving my detransition process/figuring out who I am,3723,4879,1.0,0.0,1.0,1.0,2.0,1.0,0.0,0.0,1.0,0.0,-5.51,0.44,1.01,0.93
I like pride month personally bc I take a lot of pride in being a lesbian and surviving my detransition process/figuring out who I am,3723,9508,0.0,0.0,0.0,0.0,2.0,0.0,0.0,0.0,1.0,0.0,-5.51,0.18,1.17,0.76
"Last year I just went to the pride parade without being out :D I have no idea what my friends thought (I mean to ask some of them just before I do come out), but no one gave me any shit about it and I had a great time 🤷 (I'm definitely gonna come out before this year's parade though ^(no really) ^^(I promise))",4013,238,2.0,2.0,0.0,2.0,2.0,0.0,0.0,0.0,2.0,1.0,-4.3,-0.55,1.73,4.12
"Last year I just went to the pride parade without being out :D I have no idea what my friends thought (I mean to ask some of them just before I do come out), but no one gave me any shit about it and I had a great time 🤷 (I'm definitely gonna come out before this year's parade though ^(no really) ^^(I promise))",4013,1943,0.0,0.0,0.0,0.0,2.0,0.0,0.0,0.0,0.0,0.0,-4.3,0.46,0.82,0.63
"Last year I just went to the pride parade without being out :D I have no idea what my friends thought (I mean to ask some of them just before I do come out), but no one gave me any shit about it and I had a great time 🤷 (I'm definitely gonna come out before this year's parade though ^(no really) ^^(I promise))",4013,7244,0.0,0.0,0.0,0.0,2.0,0.0,0.0,0.0,2.0,0.0,-4.3,0.38,0.83,0.58
I wish people should have to be granted a license in order to procreate,4287,3033,4.0,4.0,4.0,4.0,4.0,3.0,0.0,0.0,4.0,0.0,2.25,0.2,1.11,0.82
I'm bi and came out to everyone the same way lmao.,4470,4340,1.0,1.0,1.0,1.0,2.0,1.0,0.0,0.0,1.0,0.0,-4.31,-0.65,0.9,0.76
I'm bi and came out to everyone the same way lmao.,4470,7075,1.0,2.0,0.0,0.0,2.0,0.0,0.0,0.0,1.0,0.0,-4.31,0.22,0.97,2.2
HAIL SATAN! May Christians be killed slowly and gruesomely!,4519,3012,4.0,4.0,4.0,4.0,2.0,4.0,4.0,4.0,4.0,0.0,3.2,-0.33,1.02,1.29
HAIL SATAN! May Christians be killed slowly and gruesomely!,4519,4604,4.0,4.0,4.0,4.0,4.0,4.0,4.0,4.0,4.0,2.0,3.2,0.29,1.45,1.21
HAIL SATAN! May Christians be killed slowly and gruesomely!,4519,7596,4.0,4.0,4.0,4.0,4.0,2.0,4.0,4.0,4.0,2.0,3.2,0.38,1.07,2.96
HAIL SATAN! May Christians be killed slowly and gruesomely!,4519,10263,3.0,4.0,4.0,3.0,4.0,3.0,4.0,3.0,4.0,0.0,3.2,0.0,1.03,1.07
You could use some better hip movement to rub your slut pussy on the cock,4562,31,3.0,3.0,4.0,3.0,2.0,0.0,0.0,0.0,2.0,0.0,-0.36,0.17,1.86,2.04
You could use some better hip movement to rub your slut pussy on the cock,4562,3610,3.0,4.0,3.0,4.0,3.0,3.0,0.0,0.0,2.0,2.0,-0.36,-0.09,0.76,0.73
You could use some better hip movement to rub your slut pussy on the cock,4562,5712,3.0,3.0,1.0,3.0,2.0,3.0,0.0,0.0,2.0,0.0,-0.36,0.29,1.08,1.35
**BEHEAD ALL THOSE WHO INSULT MUSKSLAM AND THE PROPHET MUSKHAMMED (UPMUSKS BE UPON HIM)**,4811,3718,4.0,4.0,4.0,4.0,4.0,4.0,4.0,4.0,4.0,2.0,-0.07,-0.54,0.82,0.77
**BEHEAD ALL THOSE WHO INSULT MUSKSLAM AND THE PROPHET MUSKHAMMED (UPMUSKS BE UPON HIM)**,4811,5752,4.0,2.0,0.0,2.0,1.0,0.0,0.0,0.0,0.0,0.0,-0.07,0.09,1.48,1.56
We have pretty good diversity in the u.s it can be shocking how little the rest of the world has when you travel.,4944,5523,3.0,1.0,3.0,2.0,3.0,1.0,0.0,0.0,3.0,0.0,-3.16,-0.4,0.95,0.77
We have pretty good diversity in the u.s it can be shocking how little the rest of the world has when you travel.,4944,8744,0.0,0.0,1.0,1.0,1.0,2.0,0.0,0.0,1.0,0.0,-3.16,0.39,1.02,0.96
"Nah jut keep your delusional red pill opinions on ""real men"" to yourself. Creep",5542,6177,4.0,4.0,3.0,1.0,2.0,2.0,1.0,1.0,2.0,0.0,-1.29,-0.57,1.21,1.11
"Eid Mubarak! That was so kind of them, thank you for posting this here",5761,7642,0.0,0.0,0.0,0.0,2.0,0.0,0.0,0.0,2.0,0.0,-5.61,-0.71,0.95,0.68
"Eid Mubarak! That was so kind of them, thank you for posting this here",5761,7975,0.0,0.0,0.0,0.0,2.0,0.0,0.0,0.0,2.0,0.0,-5.61,-0.27,0.72,0.5
Did that faggot actually use the fucking problem claps?,6365,1637,4.0,4.0,3.0,4.0,4.0,3.0,1.0,0.0,4.0,2.0,1.51,-0.78,1.63,1.84
Did that faggot actually use the fucking problem claps?,6365,5754,4.0,4.0,4.0,3.0,3.0,3.0,1.0,0.0,3.0,2.0,1.51,0.15,0.79,0.87
I'm usually against interracial couples.... but I don't think anyone is missing out here.,6454,2563,2.0,3.0,3.0,3.0,3.0,2.0,0.0,0.0,2.0,1.0,-0.16,-0.51,1.51,1.89
I'm usually against interracial couples.... but I don't think anyone is missing out here.,6454,7545,4.0,4.0,3.0,3.0,3.0,3.0,0.0,0.0,2.0,0.0,-0.16,0.37,0.79,0.44
I'm usually against interracial couples.... but I don't think anyone is missing out here.,6454,8923,4.0,4.0,4.0,3.0,3.0,0.0,0.0,0.0,2.0,2.0,-0.16,-0.27,1.36,0.89
"Africa? Africa can't possibly be oppressed! Well, why else would they be allowed to explode Mittelafrika into a bagillion nations who immediately go to war with one another and the remnants of the government?",6610,928,3.0,4.0,4.0,4.0,4.0,4.0,2.0,2.0,4.0,1.0,-0.61,-0.75,1.47,1.2
"Africa? Africa can't possibly be oppressed! Well, why else would they be allowed to explode Mittelafrika into a bagillion nations who immediately go to war with one another and the remnants of the government?",6610,1100,3.0,1.0,1.0,1.0,2.0,1.0,0.0,0.0,2.0,0.0,-0.61,0.66,1.26,0.95
"Africa? Africa can't possibly be oppressed! Well, why else would they be allowed to explode Mittelafrika into a bagillion nations who immediately go to war with one another and the remnants of the government?",6610,5249,3.0,3.0,3.0,3.0,3.0,1.0,0.0,0.0,3.0,0.0,-0.61,0.07,1.78,1.31
Giant vaginas with feet. Y'all look like the three kids that your step dad hates to have to call his own. You three fuck faces remind me of sex with Ron Jeremy. Nothing to boast about other than getting railed with a ten inch dong.,6842,817,4.0,3.0,3.0,3.0,3.0,2.0,2.0,2.0,3.0,2.0,0.76,-0.05,0.72,0.8
Giant vaginas with feet. Y'all look like the three kids that your step dad hates to have to call his own. You three fuck faces remind me of sex with Ron Jeremy. Nothing to boast about other than getting railed with a ten inch dong.,6842,5139,4.0,4.0,4.0,3.0,4.0,3.0,1.0,0.0,3.0,0.0,0.76,0.16,0.69,0.48
Modern men are such betas that I don't think we're judging harshly enough.,7000,1123,3.0,3.0,3.0,3.0,3.0,0.0,0.0,0.0,3.0,0.0,-0.6,-0.71,0.89,0.82
Modern men are such betas that I don't think we're judging harshly enough.,7000,6743,3.0,3.0,3.0,3.0,3.0,0.0,0.0,0.0,3.0,0.0,-0.6,-0.45,0.9,0.78
Modern men are such betas that I don't think we're judging harshly enough.,7000,10171,3.0,3.0,3.0,1.0,3.0,0.0,0.0,0.0,2.0,0.0,-0.6,0.83,0.64,0.59
Modern men are such betas that I don't think we're judging harshly enough.,7000,10890,3.0,3.0,3.0,2.0,3.0,1.0,1.0,1.0,3.0,0.0,-0.6,0.45,0.86,0.64
This is what I want. Every FtM I've talked to has no desire to groom and it's not attractive. But this here is nice.,7237,692,2.0,3.0,3.0,2.0,2.0,1.0,0.0,0.0,2.0,0.0,-1.39,-0.34,0.77,0.66
This is what I want. Every FtM I've talked to has no desire to groom and it's not attractive. But this here is nice.,7237,9528,3.0,3.0,3.0,3.0,3.0,1.0,0.0,0.0,2.0,0.0,-1.39,0.01,1.02,1.05
your just a fucking poor boy who grew up without any support from your family with your household income of 5k. stfu and gtfo retard. Australia med schools recruit Americans all the time to go to their MBBS program. thats two undergraduates degrees why not have an actual doctorate. now go fix your bilateral hernia you gave yourself trying to suck your own dick since no one else will,7304,5944,4.0,4.0,4.0,3.0,2.0,3.0,1.0,0.0,3.0,2.0,1.45,0.35,1.02,1.0
Fuck I'm Mexican but look white. Slit my throat motherfucker cause one of my favorite artists is Kendrick Lamar. Fuck you you racist motherfucker. Honestly fuck these pieces of vile human garbage. I hope history forgets about you until you're smaller than a grain of sand you stupid fuck. Fuck you,7391,2808,4.0,4.0,4.0,4.0,4.0,3.0,3.0,0.0,4.0,2.0,-1.24,-0.56,1.26,1.03
Fuck I'm Mexican but look white. Slit my throat motherfucker cause one of my favorite artists is Kendrick Lamar. Fuck you you racist motherfucker. Honestly fuck these pieces of vile human garbage. I hope history forgets about you until you're smaller than a grain of sand you stupid fuck. Fuck you,7391,6794,2.0,1.0,1.0,1.0,2.0,1.0,1.0,0.0,1.0,0.0,-1.24,0.03,1.09,1.19
Fuck I'm Mexican but look white. Slit my throat motherfucker cause one of my favorite artists is Kendrick Lamar. Fuck you you racist motherfucker. Honestly fuck these pieces of vile human garbage. I hope history forgets about you until you're smaller than a grain of sand you stupid fuck. Fuck you,7391,9072,4.0,3.0,1.0,2.0,2.0,1.0,0.0,0.0,2.0,0.0,-1.24,-0.34,1.53,2.31
"Oh God, Demotivational Poster style memes.  God I feel old, I used to spend hours looking those things up.",7473,2311,2.0,0.0,1.0,0.0,2.0,0.0,0.0,0.0,2.0,0.0,-3.15,0.66,1.04,2.84
Fuck the retards that talk like that. Actual children,7601,6950,4.0,4.0,4.0,4.0,4.0,4.0,0.0,0.0,3.0,2.0,2.08,0.03,0.85,0.9
"The northern tribes are a bunch of pussies. They engaged in constant warfare and conquest .... it bares mentioning that when they did so, they would slaughter unarmed men, women and children without hesitation. They should be grateful that they were shown a level of mercy that they never showed their vanquished foes.",7894,1956,4.0,3.0,3.0,3.0,4.0,3.0,0.0,0.0,3.0,2.0,0.24,0.19,0.81,0.69
"The northern tribes are a bunch of pussies. They engaged in constant warfare and conquest .... it bares mentioning that when they did so, they would slaughter unarmed men, women and children without hesitation. They should be grateful that they were shown a level of mercy that they never showed their vanquished foes.",7894,4736,3.0,2.0,2.0,2.0,2.0,2.0,1.0,0.0,3.0,0.0,0.24,0.39,0.85,0.88
"The northern tribes are a bunch of pussies. They engaged in constant warfare and conquest .... it bares mentioning that when they did so, they would slaughter unarmed men, women and children without hesitation. They should be grateful that they were shown a level of mercy that they never showed their vanquished foes.",7894,9729,4.0,4.0,2.0,2.0,2.0,1.0,2.0,3.0,2.0,2.0,0.24,0.61,1.62,2.16
"The northern tribes are a bunch of pussies. They engaged in constant warfare and conquest .... it bares mentioning that when they did so, they would slaughter unarmed men, women and children without hesitation. They should be grateful that they were shown a level of mercy that they never showed their vanquished foes.",7894,10878,4.0,4.0,4.0,4.0,4.0,3.0,2.0,1.0,4.0,2.0,0.24,-0.91,1.02,0.76
"Did she kills or shoot the guy? Did your sister life was at risk? The fact she had a gun the other lady change the fact that she was able to stop what happened? Call 911 directly and taking a video of the guy would not do the same thing at the end? And if the rapsit had a gun? And shoot the other woman and then shoot your sister? What is the best scenario? Maybe more educated people, and a better society who men are educated to respect women and not just act like animals?",8199,6471,3.0,3.0,3.0,3.0,3.0,4.0,1.0,1.0,3.0,0.0,0.16,0.08,0.56,0.57
"Did she kills or shoot the guy? Did your sister life was at risk? The fact she had a gun the other lady change the fact that she was able to stop what happened? Call 911 directly and taking a video of the guy would not do the same thing at the end? And if the rapsit had a gun? And shoot the other woman and then shoot your sister? What is the best scenario? Maybe more educated people, and a better society who men are educated to respect women and not just act like animals?",8199,10327,4.0,4.0,3.0,3.0,4.0,3.0,1.0,0.0,4.0,0.0,0.16,-0.81,0.65,0.65
I am jewish so I may be a little biased here but I do feel that you are doing the right thing. People in general should respect others of their relgious beleifs and even their spirtual ones.,8261,1957,0.0,0.0,0.0,0.0,2.0,0.0,0.0,0.0,0.0,0.0,-5.4,-0.83,0.92,0.71
I am jewish so I may be a little biased here but I do feel that you are doing the right thing. People in general should respect others of their relgious beleifs and even their spirtual ones.,8261,6927,1.0,1.0,0.0,0.0,2.0,0.0,0.0,0.0,1.0,0.0,-5.4,0.67,0.83,2.13
bruh thats gay,8278,4361,4.0,4.0,4.0,4.0,4.0,4.0,0.0,0.0,3.0,0.0,0.52,-1.02,0.81,0.65
"If the US pulled their military presence from those Europoor countries, China and Russia would have those whiny faggots bent over like a prison bitch.",8323,753,4.0,4.0,3.0,2.0,2.0,3.0,3.0,2.0,3.0,2.0,2.18,0.52,1.54,1.63
"If the US pulled their military presence from those Europoor countries, China and Russia would have those whiny faggots bent over like a prison bitch.",8323,9308,4.0,4.0,4.0,4.0,4.0,4.0,0.0,0.0,4.0,2.0,2.18,-0.31,1.04,0.57
"If the US pulled their military presence from those Europoor countries, China and Russia would have those whiny faggots bent over like a prison bitch.",8323,9902,4.0,4.0,4.0,4.0,3.0,3.0,3.0,1.0,4.0,2.0,2.18,0.11,1.4,1.18
"Wow, what a fucking disgusting cunt.",8565,2414,4.0,4.0,4.0,4.0,2.0,4.0,0.0,0.0,4.0,2.0,0.99,0.41,0.76,0.65
"Wow, what a fucking disgusting cunt.",8565,2648,3.0,4.0,3.0,3.0,2.0,3.0,0.0,0.0,0.0,0.0,0.99,0.54,1.16,1.63
Get back to fapping to your Deadpool figurines. Two tards with one stone.,8702,3997,3.0,4.0,4.0,3.0,3.0,2.0,2.0,1.0,3.0,0.0,-0.18,-0.51,0.7,0.85
It's Jesus trying to communicate through ghetto bums with paper.,8783,6052,3.0,4.0,3.0,3.0,3.0,2.0,2.0,1.0,3.0,2.0,-0.48,-0.22,1.17,2.39
It's Jesus trying to communicate through ghetto bums with paper.,8783,8798,2.0,2.0,2.0,3.0,2.0,3.0,1.0,1.0,2.0,0.0,-0.48,0.69,1.07,1.0
"Lol, the west bullying Pakistan? What else is new?",8871,8413,3.0,2.0,2.0,1.0,2.0,1.0,1.0,1.0,2.0,0.0,-1.09,-0.24,1.03,2.21
"ah yes, New Afrika bordering the friendly Klansman State",9122,458,2.0,2.0,2.0,2.0,2.0,2.0,2.0,2.0,2.0,1.0,-0.94,-0.17,1.29,1.34
"ah yes, New Afrika bordering the friendly Klansman State",9122,829,3.0,3.0,3.0,3.0,4.0,3.0,2.0,1.0,3.0,0.0,-0.94,-0.96,0.84,0.44
"ah yes, New Afrika bordering the friendly Klansman State",9122,4880,3.0,3.0,3.0,1.0,2.0,1.0,1.0,1.0,2.0,0.0,-0.94,0.14,0.75,0.53
"ah yes, New Afrika bordering the friendly Klansman State",9122,5924,3.0,4.0,4.0,4.0,2.0,3.0,0.0,0.0,3.0,0.0,-0.94,0.41,1.29,1.24
Divorce that garbage dump the slut isn't loyal. Her value is gone and the cunt has hit the wall. Dump that used slut,9213,2490,4.0,4.0,4.0,4.0,3.0,3.0,1.0,0.0,3.0,2.0,1.88,0.45,0.68,0.53
Divorce that garbage dump the slut isn't loyal. Her value is gone and the cunt has hit the wall. Dump that used slut,9213,4287,4.0,4.0,4.0,3.0,4.0,1.0,0.0,0.0,4.0,0.0,1.88,0.02,0.76,0.68
Divorce that garbage dump the slut isn't loyal. Her value is gone and the cunt has hit the wall. Dump that used slut,9213,7845,4.0,4.0,4.0,4.0,4.0,3.0,1.0,0.0,4.0,2.0,1.88,-0.53,1.04,0.84
Fuck her tits in that tiny tank top. Throw her down and rip those shorts off and fuck her from behind.,9399,8900,4.0,4.0,4.0,4.0,4.0,4.0,3.0,0.0,4.0,0.0,1.71,0.31,1.04,0.64
Fuck her tits in that tiny tank top. Throw her down and rip those shorts off and fuck her from behind.,9399,9218,3.0,4.0,1.0,1.0,2.0,1.0,3.0,1.0,3.0,0.0,1.71,0.94,1.19,0.83
Fuck her tits in that tiny tank top. Throw her down and rip those shorts off and fuck her from behind.,9399,9758,4.0,4.0,4.0,4.0,4.0,4.0,4.0,2.0,4.0,2.0,1.71,0.1,1.2,0.84
"Interestingly, while the romans were super racist, it wasn't our idea of racism today. It was an ""us or them"" mentality. If you opposed them, they would burn your cities and enslave you without a hint of sympathy. But if you surrendered immediately when they came for you, you were roman. It didn't matter your skin color, or where you were born, you were a Roman citizen.  Romans understood where you came from didn't matter. It was all about who you were now. (Note I do not support the romans there were barbaric in practice.)",9427,159,2.0,1.0,1.0,1.0,2.0,1.0,1.0,1.0,2.0,0.0,-2.86,-0.6,0.65,0.46
"Interestingly, while the romans were super racist, it wasn't our idea of racism today. It was an ""us or them"" mentality. If you opposed them, they would burn your cities and enslave you without a hint of sympathy. But if you surrendered immediately when they came for you, you were roman. It didn't matter your skin color, or where you were born, you were a Roman citizen.  Romans understood where you came from didn't matter. It was all about who you were now. (Note I do not support the romans there were barbaric in practice.)",9427,1314,3.0,2.0,1.0,2.0,3.0,3.0,0.0,0.0,2.0,0.0,-2.86,-0.06,0.87,1.02
How about you suck my ass? fag,9433,2624,4.0,4.0,2.0,2.0,2.0,1.0,0.0,0.0,2.0,2.0,0.14,-0.25,0.89,0.73
How about you suck my ass? fag,9433,2775,3.0,3.0,3.0,3.0,3.0,3.0,1.0,0.0,3.0,0.0,0.14,0.36,1.07,1.18
How about you suck my ass? fag,9433,7379,4.0,4.0,4.0,4.0,2.0,4.0,0.0,0.0,2.0,0.0,0.14,0.37,1.29,0.74
Be my shitposting gf,9625,8115,3.0,2.0,1.0,1.0,2.0,0.0,0.0,0.0,1.0,0.0,-3.02,-0.09,0.8,0.64
plug your ass and keep it plugged!! Fuck your pussy... unplug your ass fill it with cum and plug it again... repeat and then send you back with all that cum inside your ass!!,9700,6271,4.0,4.0,4.0,4.0,3.0,3.0,1.0,0.0,3.0,1.0,2.24,0.36,1.29,1.91
plug your ass and keep it plugged!! Fuck your pussy... unplug your ass fill it with cum and plug it again... repeat and then send you back with all that cum inside your ass!!,9700,9417,4.0,4.0,4.0,4.0,3.0,2.0,4.0,0.0,4.0,2.0,2.24,0.01,1.06,0.87
Ian's a gritty 70's style faggot. The type of faggot that won't budge.,9911,7131,4.0,4.0,3.0,3.0,3.0,2.0,1.0,1.0,3.0,2.0,0.32,0.28,0.84,0.9
Ian's a gritty 70's style faggot. The type of faggot that won't budge.,9911,8353,4.0,4.0,4.0,3.0,4.0,3.0,1.0,0.0,4.0,2.0,0.32,0.22,1.08,1.07
Ian's a gritty 70's style faggot. The type of faggot that won't budge.,9911,10299,3.0,3.0,3.0,2.0,2.0,1.0,0.0,0.0,2.0,1.0,0.32,-0.57,1.15,1.05
"Yep, he's just a racist moron that needs his jaw readjusted, by a dentist, so it hides the extra chromosomes better.",10093,205,3.0,3.0,3.0,3.0,2.0,0.0,0.0,0.0,2.0,0.0,0.48,0.69,0.75,0.6
"Yep, he's just a racist moron that needs his jaw readjusted, by a dentist, so it hides the extra chromosomes better.",10093,5320,4.0,4.0,4.0,3.0,2.0,2.0,1.0,1.0,4.0,1.0,0.48,0.67,1.07,0.82
"evangelical christians call Trump ""one of their own"". That means they are pro child rapists, bigots, racists, xenophobic and rapists. Sure doesnt seem Christian to me.",10100,9149,4.0,3.0,3.0,3.0,3.0,2.0,0.0,0.0,4.0,0.0,-0.22,-0.35,0.69,0.62
"evangelical christians call Trump ""one of their own"". That means they are pro child rapists, bigots, racists, xenophobic and rapists. Sure doesnt seem Christian to me.",10100,9154,4.0,3.0,3.0,3.0,3.0,3.0,0.0,0.0,3.0,0.0,-0.22,-0.45,0.57,0.54
"evangelical christians call Trump ""one of their own"". That means they are pro child rapists, bigots, racists, xenophobic and rapists. Sure doesnt seem Christian to me.",10100,9473,3.0,4.0,3.0,3.0,3.0,3.0,0.0,0.0,0.0,0.0,-0.22,-0.15,0.73,0.52
"If you don't love Central America, though, tough it up, stay there, and go fuck yourself.",10256,135,3.0,4.0,4.0,3.0,2.0,2.0,1.0,0.0,2.0,0.0,-1.28,-0.96,1.19,0.97
"If you don't love Central America, though, tough it up, stay there, and go fuck yourself.",10256,8770,3.0,3.0,3.0,2.0,3.0,2.0,0.0,0.0,3.0,0.0,-1.28,-0.06,0.71,0.64
"If you don't love Central America, though, tough it up, stay there, and go fuck yourself.",10256,9061,3.0,2.0,1.0,2.0,3.0,1.0,1.0,0.0,1.0,0.0,-1.28,0.72,1.29,1.08
because bears r gay,10279,2089,4.0,4.0,3.0,3.0,3.0,4.0,0.0,0.0,3.0,0.0,-0.59,-0.7,1.03,0.98
because bears r gay,10279,5461,4.0,4.0,4.0,3.0,4.0,0.0,0.0,0.0,4.0,0.0,-0.59,0.05,1.26,1.05
because bears r gay,10279,10548,2.0,2.0,2.0,2.0,2.0,2.0,0.0,0.0,2.0,0.0,-0.59,0.26,1.25,1.18
because bears r gay,10279,10989,3.0,3.0,1.0,2.0,2.0,2.0,0.0,0.0,2.0,1.0,-0.59,0.89,1.09,0.79
"You are none of those things. I don't understand how difficult it can be living as a trans person as I am cis, but I do know what it's like being LGBT+, and I understand the struggle of not being accepted. You aren't alone during these difficult times, if you ever need to talk pop by any trans subreddit, or the lgbt subreddit. We're here for you. You're very good looking by the way, I hope you're doing okay dear.",10882,648,0.0,0.0,0.0,0.0,2.0,0.0,0.0,0.0,1.0,0.0,-5.5,-0.6,1.53,0.95
"You are none of those things. I don't understand how difficult it can be living as a trans person as I am cis, but I do know what it's like being LGBT+, and I understand the struggle of not being accepted. You aren't alone during these difficult times, if you ever need to talk pop by any trans subreddit, or the lgbt subreddit. We're here for you. You're very good looking by the way, I hope you're doing okay dear.",10882,7717,0.0,0.0,0.0,0.0,2.0,0.0,0.0,0.0,0.0,0.0,-5.5,0.4,0.91,1.13
"You are none of those things. I don't understand how difficult it can be living as a trans person as I am cis, but I do know what it's like being LGBT+, and I understand the struggle of not being accepted. You aren't alone during these difficult times, if you ever need to talk pop by any trans subreddit, or the lgbt subreddit. We're here for you. You're very good looking by the way, I hope you're doing okay dear.",10882,10514,2.0,0.0,0.0,0.0,2.0,0.0,0.0,0.0,0.0,0.0,-5.5,0.7,1.08,0.74
"I don't know, something about it being a race issue which I don't think it is.",10943,5079,2.0,2.0,2.0,2.0,2.0,0.0,0.0,0.0,2.0,0.0,-3.13,0.07,0.7,0.6
"I don't know, something about it being a race issue which I don't think it is.",10943,5506,1.0,2.0,0.0,2.0,2.0,0.0,0.0,0.0,2.0,0.0,-3.13,-0.46,1.23,1.17
"And I thought I was going to hell for punching those orphans. They had it coming though. Thank god, now I know I'm going to heaven",11055,2358,4.0,4.0,3.0,3.0,4.0,3.0,3.0,1.0,3.0,1.0,0.52,-0.77,0.89,1.01
"And I thought I was going to hell for punching those orphans. They had it coming though. Thank god, now I know I'm going to heaven",11055,5168,4.0,4.0,3.0,3.0,3.0,2.0,1.0,1.0,4.0,1.0,0.52,-0.02,0.74,0.6
?? AIDS Means your desperate ass payed for a hooker and couldn't get his five fucking braincells to work and you forgot a condom,11451,4089,3.0,4.0,4.0,4.0,4.0,1.0,0.0,0.0,4.0,0.0,1.1,0.0,1.12,0.87
"I would facefuck her first, then pull that skirt up and fuck that pussy until she begs for my cum like a little slut",11495,851,4.0,4.0,4.0,3.0,4.0,3.0,4.0,0.0,4.0,2.0,0.27,-0.37,0.84,0.68
"I would facefuck her first, then pull that skirt up and fuck that pussy until she begs for my cum like a little slut",11495,2532,3.0,1.0,3.0,3.0,3.0,3.0,0.0,0.0,3.0,0.0,0.27,-0.88,0.86,0.73
"I would facefuck her first, then pull that skirt up and fuck that pussy until she begs for my cum like a little slut",11495,4219,3.0,3.0,3.0,3.0,3.0,3.0,3.0,0.0,2.0,0.0,0.27,-0.09,0.75,0.73
"I would facefuck her first, then pull that skirt up and fuck that pussy until she begs for my cum like a little slut",11495,10807,3.0,4.0,3.0,4.0,3.0,4.0,3.0,0.0,3.0,0.0,0.27,-0.03,0.95,0.89
"Dude white knighting on the internet won't get you laid. Any women doing porn has been paid, talked to about the scene, and is there of her own will. Stop with this trafficking bullshit. They pay to be there most often and want to because they can't make as much money doing anything else.",11497,444,2.0,2.0,2.0,2.0,2.0,1.0,1.0,1.0,1.0,0.0,-2.65,0.29,0.84,0.68
No one likes a loose pussy. Keep them locked up!,11911,4903,4.0,4.0,4.0,3.0,4.0,3.0,3.0,0.0,4.0,2.0,1.14,-0.14,0.88,0.59
No one likes a loose pussy. Keep them locked up!,11911,5090,3.0,4.0,3.0,3.0,3.0,1.0,1.0,0.0,3.0,0.0,1.14,0.16,0.75,0.72
No one likes a loose pussy. Keep them locked up!,11911,10545,4.0,4.0,4.0,3.0,4.0,2.0,1.0,1.0,3.0,2.0,1.14,0.1,0.66,0.49
Meh. At least the Jews aren't fucking jihading,12086,2878,3.0,3.0,3.0,2.0,2.0,1.0,0.0,0.0,1.0,0.0,0.08,0.35,1.34,1.3
Meh. At least the Jews aren't fucking jihading,12086,3153,4.0,3.0,4.0,1.0,3.0,3.0,1.0,0.0,3.0,2.0,0.08,0.46,0.87,0.74
Meh. At least the Jews aren't fucking jihading,12086,8730,3.0,4.0,3.0,2.0,3.0,1.0,0.0,0.0,3.0,1.0,0.08,0.63,1.11,1.07
Meh. At least the Jews aren't fucking jihading,12086,10006,4.0,4.0,4.0,3.0,3.0,2.0,1.0,0.0,3.0,1.0,0.08,-0.31,0.88,0.87
"He's right they did try other tactics. They tried kidnapping and murdering teenagers, as well as suicide bombings. And big bad Israel still didn't give them what they wanted.",12141,6908,4.0,3.0,3.0,3.0,3.0,3.0,2.0,1.0,3.0,0.0,-0.22,-0.55,0.62,0.42
"> Where do we disagree on the term logos? The Torah / Word defines God's logos. it's less a sense of ""torah"" instruction, and more a platonic form of rationality. > How do you interpret John 1:1? that john thinks jesus was the incarnation of philo's coming messiah, who would be the logos. > Many twist Paul.  i don't think i am. paul clearly thinks jews are still held to the law, but that christians do not have to convert judaism. christians are outside the law by merit of ancestry.",12264,3357,2.0,2.0,2.0,2.0,2.0,2.0,0.0,0.0,2.0,0.0,-2.66,-0.07,1.12,0.91
"> Where do we disagree on the term logos? The Torah / Word defines God's logos. it's less a sense of ""torah"" instruction, and more a platonic form of rationality. > How do you interpret John 1:1? that john thinks jesus was the incarnation of philo's coming messiah, who would be the logos. > Many twist Paul.  i don't think i am. paul clearly thinks jews are still held to the law, but that christians do not have to convert judaism. christians are outside the law by merit of ancestry.",12264,3618,2.0,2.0,2.0,2.0,2.0,1.0,0.0,0.0,2.0,0.0,-2.66,-0.4,0.78,0.51
"> Where do we disagree on the term logos? The Torah / Word defines God's logos. it's less a sense of ""torah"" instruction, and more a platonic form of rationality. > How do you interpret John 1:1? that john thinks jesus was the incarnation of philo's coming messiah, who would be the logos. > Many twist Paul.  i don't think i am. paul clearly thinks jews are still held to the law, but that christians do not have to convert judaism. christians are outside the law by merit of ancestry.",12264,6433,2.0,2.0,2.0,2.0,1.0,0.0,0.0,0.0,1.0,0.0,-2.66,0.48,0.91,0.75
Bombs the shit out of underserving countries... and mass shootings.,13108,5198,4.0,4.0,4.0,3.0,4.0,3.0,4.0,4.0,4.0,0.0,1.33,-0.16,0.86,0.61
Bombs the shit out of underserving countries... and mass shootings.,13108,10195,4.0,2.0,2.0,0.0,4.0,3.0,4.0,4.0,4.0,0.0,1.33,0.19,1.07,0.84
"It's generally best to not directly ask someone if they're queer anywhere, but showing support for the equality movement and letting them know you're an accepting person and an ally would probably be very appreciated.",13740,9747,1.0,0.0,0.0,0.0,2.0,0.0,0.0,0.0,1.0,0.0,-4.32,-0.19,1.3,0.99
"It's generally best to not directly ask someone if they're queer anywhere, but showing support for the equality movement and letting them know you're an accepting person and an ally would probably be very appreciated.",13740,10218,1.0,1.0,1.0,1.0,2.0,1.0,0.0,0.0,2.0,0.0,-4.32,0.23,1.15,1.66
Eat dick retard,13743,1543,4.0,4.0,4.0,4.0,3.0,4.0,1.0,0.0,4.0,2.0,1.95,-0.04,1.39,1.53
Eat dick retard,13743,5447,4.0,4.0,4.0,4.0,4.0,3.0,1.0,1.0,4.0,0.0,1.95,-0.11,0.72,0.56
Eat dick retard,13743,9326,4.0,4.0,3.0,3.0,3.0,3.0,0.0,0.0,3.0,2.0,1.95,0.36,0.69,0.5
Exactly! I wish more ladies would embrace their sexuality and use it for their own pleasure and gain. It's so liberating!,14389,1957,1.0,2.0,2.0,2.0,2.0,2.0,0.0,0.0,2.0,0.0,-2.63,-0.83,0.92,0.71
Exactly! I wish more ladies would embrace their sexuality and use it for their own pleasure and gain. It's so liberating!,14389,7517,1.0,0.0,1.0,2.0,2.0,0.0,0.0,0.0,2.0,0.0,-2.63,0.59,0.9,0.66
Exactly! I wish more ladies would embrace their sexuality and use it for their own pleasure and gain. It's so liberating!,14389,10498,3.0,2.0,2.0,3.0,2.0,2.0,3.0,2.0,2.0,0.0,-2.63,0.8,1.58,6.49
Seeing trans people that are hot af definitely makes me feel more secure and comfortable and hopeful.,14685,3230,1.0,1.0,1.0,2.0,2.0,2.0,0.0,0.0,1.0,0.0,-5.11,-0.51,0.82,1.04
Seeing trans people that are hot af definitely makes me feel more secure and comfortable and hopeful.,14685,4764,0.0,0.0,0.0,0.0,1.0,0.0,0.0,0.0,2.0,0.0,-5.11,0.01,1.09,0.67
Seeing trans people that are hot af definitely makes me feel more secure and comfortable and hopeful.,14685,6386,0.0,0.0,0.0,0.0,0.0,0.0,0.0,0.0,0.0,0.0,-5.11,0.82,1.43,0.75
She needs a real dick to stretch her out,15023,8462,4.0,4.0,4.0,4.0,3.0,3.0,3.0,0.0,4.0,0.0,0.5,-0.49,0.64,0.49
She needs a real dick to stretch her out,15023,9595,3.0,4.0,3.0,2.0,2.0,3.0,1.0,0.0,2.0,0.0,0.5,0.07,0.87,1.68
"oh man we dont need that west movement where 81% are hindus and many people are vegiterian already. Dont bring this west thing myan , u want us not to sacrifice animals in our festivals thats our culture and we dont need fucking christans telling us sacrificing animals is not morale , what about KFC, macdonalds this is worse then wave of lgbtq people.",15535,5516,3.0,3.0,3.0,2.0,2.0,1.0,1.0,0.0,3.0,1.0,-1.02,0.04,1.05,1.17
Ftm and mtf together :3,15603,1922,2.0,2.0,1.0,0.0,2.0,1.0,0.0,0.0,2.0,0.0,-3.18,0.64,0.81,0.72
Ftm and mtf together :3,15603,4785,1.0,0.0,0.0,0.0,2.0,0.0,0.0,0.0,2.0,0.0,-3.18,0.17,0.76,0.49
"I guess you already tried releasing the Gospel Topic essays, banning then unbanning children of gays, shortening Church to 2 hours, and changing the name of the Church from ""Mormons."" Sorry, Russ, some women are just too stubborn.",15663,5770,3.0,3.0,3.0,2.0,3.0,2.0,0.0,0.0,3.0,0.0,-1.51,-0.67,0.73,0.78
"I guess you already tried releasing the Gospel Topic essays, banning then unbanning children of gays, shortening Church to 2 hours, and changing the name of the Church from ""Mormons."" Sorry, Russ, some women are just too stubborn.",15663,8940,3.0,3.0,2.0,2.0,2.0,1.0,0.0,0.0,3.0,0.0,-1.51,0.33,0.75,0.6
"I guess you already tried releasing the Gospel Topic essays, banning then unbanning children of gays, shortening Church to 2 hours, and changing the name of the Church from ""Mormons."" Sorry, Russ, some women are just too stubborn.",15663,9775,3.0,3.0,1.0,1.0,3.0,0.0,0.0,0.0,3.0,0.0,-1.51,-0.66,0.99,0.6
Look forward to see the slut get that pussy ruined forever for her husband.,15755,5365,4.0,4.0,4.0,4.0,2.0,4.0,0.0,0.0,4.0,0.0,1.21,-0.33,1.67,1.32
This is the type of ignorant worldview that can only be afforded by white privilege,16086,1236,3.0,3.0,2.0,2.0,1.0,1.0,0.0,0.0,3.0,0.0,-1.54,-0.13,0.85,0.83
This is the type of ignorant worldview that can only be afforded by white privilege,16086,4225,3.0,3.0,3.0,3.0,2.0,3.0,1.0,1.0,3.0,0.0,-1.54,-0.87,1.28,1.13
This is the type of ignorant worldview that can only be afforded by white privilege,16086,6249,3.0,3.0,3.0,3.0,3.0,0.0,0.0,0.0,3.0,0.0,-1.54,-0.64,0.72,0.53
This is the type of ignorant worldview that can only be afforded by white privilege,16086,7081,2.0,3.0,2.0,1.0,1.0,0.0,0.0,0.0,2.0,0.0,-1.54,-0.27,0.74,0.58
">That's how the fucking Nazis came to and stayed in power. That's what Weimar Germany needed, a bunch of effeminate pink haired beta degenerates talking bullshit on the internet.",16699,6634,4.0,4.0,4.0,4.0,4.0,4.0,1.0,1.0,4.0,2.0,1.44,-0.71,1.43,0.87
">That's how the fucking Nazis came to and stayed in power. That's what Weimar Germany needed, a bunch of effeminate pink haired beta degenerates talking bullshit on the internet.",16699,10349,4.0,3.0,3.0,3.0,3.0,3.0,1.0,0.0,3.0,0.0,1.44,0.81,0.77,0.7
"What are you on about, you tedious faggot?",17158,5522,4.0,4.0,4.0,4.0,3.0,0.0,0.0,0.0,2.0,2.0,0.46,-0.64,1.01,0.89
"yikies macabroni, you need to take chill pill before you explode and speaking of explode, maybe your viewpoints on homosexuality are really a suppression of your own frustration with the people in your life who obviously haven't given you enough pampering, but hey listen sometime I just wanna wake up and fuck the shit out of toshinori's boy pussy and if that makes me a faggot, well you can dm me for my address cause I invite you to fuck my ass you fucking neanderthal",17209,6263,4.0,1.0,3.0,3.0,2.0,3.0,1.0,1.0,1.0,1.0,-1.81,0.37,0.84,2.0
"yikies macabroni, you need to take chill pill before you explode and speaking of explode, maybe your viewpoints on homosexuality are really a suppression of your own frustration with the people in your life who obviously haven't given you enough pampering, but hey listen sometime I just wanna wake up and fuck the shit out of toshinori's boy pussy and if that makes me a faggot, well you can dm me for my address cause I invite you to fuck my ass you fucking neanderthal",17209,9229,3.0,2.0,1.0,1.0,2.0,2.0,0.0,0.0,1.0,2.0,-1.81,-0.09,0.85,0.69
this is pretty much exactly it. people have been really mean to me about it but have then apologized when I call them out on it.  i didn't have to go through a lot of what my gay and lesbian friends went through because I didn't come out publicly until recently (last few years) and it's much more accepted than it was growing up.,17219,8790,2.0,2.0,2.0,2.0,2.0,2.0,1.0,1.0,1.0,0.0,-2.88,0.05,0.63,0.5
We're the Russians when you need them,17349,32,2.0,2.0,2.0,2.0,2.0,2.0,2.0,2.0,2.0,0.0,-2.89,-0.18,1.05,1.28
We're the Russians when you need them,17349,1036,3.0,2.0,1.0,1.0,1.0,1.0,1.0,0.0,2.0,0.0,-2.89,-0.49,0.77,0.6
We're the Russians when you need them,17349,5057,2.0,2.0,2.0,2.0,2.0,2.0,1.0,1.0,3.0,0.0,-2.89,-0.83,1.03,1.33
Less porn and more whore houses. That should sort out their incel gunmen.,17442,4497,4.0,3.0,3.0,3.0,3.0,3.0,1.0,0.0,3.0,0.0,-0.32,-0.65,0.76,0.73
"How about you take that hijab and shove it where the sun don't fucking shine, Ghada.",17461,4328,4.0,4.0,4.0,3.0,3.0,3.0,3.0,1.0,3.0,2.0,1.45,0.06,0.75,0.59
"How about you take that hijab and shove it where the sun don't fucking shine, Ghada.",17461,5156,4.0,4.0,3.0,0.0,4.0,1.0,1.0,1.0,3.0,0.0,1.45,0.86,0.77,0.63
"How about you take that hijab and shove it where the sun don't fucking shine, Ghada.",17461,8015,4.0,4.0,4.0,4.0,3.0,1.0,3.0,0.0,4.0,1.0,1.45,-0.42,0.75,0.87
You have a beautiful pussy and you're so sexy I would fuck you all day everyday,17550,536,3.0,3.0,3.0,1.0,2.0,1.0,0.0,0.0,2.0,0.0,-1.02,0.38,0.89,0.81
"Plus, most men playing are dumb teenagers",17591,1319,3.0,3.0,3.0,3.0,3.0,1.0,0.0,0.0,3.0,0.0,-0.1,-0.16,0.67,0.54
"Plus, most men playing are dumb teenagers",17591,8823,3.0,3.0,3.0,2.0,3.0,2.0,1.0,1.0,3.0,0.0,-0.1,1.04,0.8,1.09
Snackson hinted to holly that he's gay,17743,8489,2.0,2.0,2.0,2.0,2.0,2.0,2.0,2.0,2.0,0.0,-2.99,-0.47,0.72,1.13
>These hoes aint loyal 1961 Colourised.,17766,144,3.0,4.0,3.0,3.0,3.0,3.0,0.0,0.0,3.0,2.0,1.09,0.35,0.79,0.64
>These hoes aint loyal 1961 Colourised.,17766,8824,4.0,4.0,4.0,4.0,2.0,3.0,2.0,2.0,2.0,2.0,1.09,0.05,1.29,1.75
>These hoes aint loyal 1961 Colourised.,17766,9092,4.0,4.0,4.0,4.0,2.0,3.0,2.0,0.0,3.0,2.0,1.09,-0.47,0.92,0.67
Did you seriously just condone the genocide of African Americans and their culture? You absolute fucking nutcase.,17772,6022,4.0,0.0,0.0,1.0,2.0,1.0,1.0,1.0,1.0,0.0,-3.18,0.18,0.9,0.9
It could've been written by some desperate chick with no self-awareness.,17827,6,3.0,3.0,1.0,1.0,2.0,1.0,1.0,1.0,2.0,0.0,-1.44,0.43,0.98,1.16
It could've been written by some desperate chick with no self-awareness.,17827,4646,3.0,3.0,3.0,1.0,3.0,1.0,0.0,0.0,3.0,0.0,-1.44,-0.47,0.91,1.16
stop posting faggot,17868,3133,4.0,4.0,3.0,2.0,2.0,2.0,0.0,0.0,2.0,2.0,-0.01,0.51,0.88,0.82
stop posting faggot,17868,5537,3.0,3.0,3.0,2.0,2.0,2.0,1.0,0.0,2.0,2.0,-0.01,0.89,1.28,1.69
"Congrats on taking the first steps, at least! So how do you envision your life from here? Continue messing around with guys in secrecy? Would you rather try to come out to your wife and see if you could get some type of agreement on what you could do? I'm a married bi guy in his early 30's, too. So if you ever want to talk to someone, I'm here for ya!",18591,5126,1.0,1.0,2.0,1.0,2.0,1.0,1.0,1.0,1.0,0.0,-4.63,-0.82,1.65,1.77
Ever since I was little I just felt like at one point in time I was Native American. Sure it could be because I loved Pocahontas but another one of my favorite movies was Aladdin and I have never felt a connection to that movie. I would love to do some past life regression to see if it's accurate but I just feel like I was. For some reason I just feel very connected to American Indians.,18601,3840,1.0,1.0,0.0,0.0,2.0,0.0,0.0,0.0,2.0,0.0,-3.84,0.44,0.69,2.73
Ever since I was little I just felt like at one point in time I was Native American. Sure it could be because I loved Pocahontas but another one of my favorite movies was Aladdin and I have never felt a connection to that movie. I would love to do some past life regression to see if it's accurate but I just feel like I was. For some reason I just feel very connected to American Indians.,18601,4947,2.0,2.0,0.0,0.0,2.0,0.0,0.0,0.0,2.0,0.0,-3.84,-0.66,1.37,1.02
Ever since I was little I just felt like at one point in time I was Native American. Sure it could be because I loved Pocahontas but another one of my favorite movies was Aladdin and I have never felt a connection to that movie. I would love to do some past life regression to see if it's accurate but I just feel like I was. For some reason I just feel very connected to American Indians.,18601,10695,1.0,1.0,0.0,0.0,2.0,0.0,0.0,0.0,2.0,0.0,-3.84,-0.72,1.42,0.82
"This thought runs through my head every single fucking day. I'm at the same time really glad that being transgender is even a thing at all, before I had heard about it I had no idea that there was ever a way for my emotions and dissatisfaction with myself and with my body to be resolved. Even slightly resolved. I was fully expecting to have to pretend to be a cis boy my entire life until someone told me what being transgender was.",18941,1046,3.0,2.0,2.0,2.0,2.0,2.0,2.0,2.0,2.0,2.0,-3.34,0.33,1.43,2.51
"This thought runs through my head every single fucking day. I'm at the same time really glad that being transgender is even a thing at all, before I had heard about it I had no idea that there was ever a way for my emotions and dissatisfaction with myself and with my body to be resolved. Even slightly resolved. I was fully expecting to have to pretend to be a cis boy my entire life until someone told me what being transgender was.",18941,1676,1.0,1.0,1.0,1.0,2.0,1.0,0.0,0.0,1.0,0.0,-3.34,-0.16,0.63,0.49
"This thought runs through my head every single fucking day. I'm at the same time really glad that being transgender is even a thing at all, before I had heard about it I had no idea that there was ever a way for my emotions and dissatisfaction with myself and with my body to be resolved. Even slightly resolved. I was fully expecting to have to pretend to be a cis boy my entire life until someone told me what being transgender was.",18941,2276,1.0,0.0,0.0,0.0,2.0,0.0,0.0,0.0,0.0,0.0,-3.34,-0.49,0.56,0.48
"This thought runs through my head every single fucking day. I'm at the same time really glad that being transgender is even a thing at all, before I had heard about it I had no idea that there was ever a way for my emotions and dissatisfaction with myself and with my body to be resolved. Even slightly resolved. I was fully expecting to have to pretend to be a cis boy my entire life until someone told me what being transgender was.",18941,5186,4.0,1.0,2.0,1.0,2.0,0.0,0.0,0.0,1.0,0.0,-3.34,-0.05,1.01,0.82
"Rather be an obese piece of shit than Sunni, inshalla",18981,1336,4.0,4.0,4.0,4.0,4.0,4.0,2.0,2.0,2.0,0.0,0.21,-0.99,1.5,1.06
"Rather be an obese piece of shit than Sunni, inshalla",18981,1492,4.0,4.0,3.0,2.0,3.0,1.0,0.0,0.0,3.0,0.0,0.21,0.32,1.07,0.72
Looks like an aborted fetus that got bashed in the face with a shovel mid-way through gender reassignment.,19155,302,3.0,3.0,3.0,3.0,2.0,3.0,1.0,1.0,3.0,2.0,-0.46,-0.57,1.09,1.18
Looks like an aborted fetus that got bashed in the face with a shovel mid-way through gender reassignment.,19155,8995,4.0,4.0,4.0,3.0,2.0,1.0,1.0,1.0,3.0,0.0,-0.46,-0.64,0.61,0.65
Go ejaculate all over a rotten piece of shit and then eat it faggot,19340,3361,4.0,4.0,4.0,4.0,4.0,4.0,2.0,1.0,4.0,2.0,2.77,0.08,0.71,0.53
There are plenty of churches that won't condemn you for being with another man. My church married me and my (same-sex) husband. You should definitely check out /r/GayChristians and /r/OpenChristian for perspectives from others who have gone through the same thing as you and have asked these exact same questions before as well.,19409,722,1.0,0.0,0.0,0.0,1.0,0.0,0.0,0.0,0.0,0.0,-5.15,-0.76,0.99,0.56
There are plenty of churches that won't condemn you for being with another man. My church married me and my (same-sex) husband. You should definitely check out /r/GayChristians and /r/OpenChristian for perspectives from others who have gone through the same thing as you and have asked these exact same questions before as well.,19409,3897,0.0,0.0,0.0,0.0,2.0,0.0,0.0,0.0,0.0,0.0,-5.15,-0.8,0.88,0.57
There are plenty of churches that won't condemn you for being with another man. My church married me and my (same-sex) husband. You should definitely check out /r/GayChristians and /r/OpenChristian for perspectives from others who have gone through the same thing as you and have asked these exact same questions before as well.,19409,5958,0.0,1.0,1.0,0.0,2.0,0.0,0.0,0.0,1.0,0.0,-5.15,0.87,1.61,1.33
There are plenty of churches that won't condemn you for being with another man. My church married me and my (same-sex) husband. You should definitely check out /r/GayChristians and /r/OpenChristian for perspectives from others who have gone through the same thing as you and have asked these exact same questions before as well.,19409,9694,2.0,0.0,0.0,0.0,2.0,0.0,0.0,0.0,2.0,0.0,-5.15,0.25,0.88,0.87
Don't piss off Jesus. You wouldn't like him when he's cross.,19725,1395,4.0,4.0,3.0,3.0,2.0,2.0,2.0,0.0,3.0,0.0,0.13,0.09,1.04,0.84
Don't piss off Jesus. You wouldn't like him when he's cross.,19725,1814,4.0,4.0,4.0,4.0,2.0,3.0,1.0,0.0,2.0,0.0,0.13,-0.5,1.38,2.82
That fat ball-less guy should have stayed the Asian dude for support. Literally Mark Corrigan,19942,8599,2.0,3.0,3.0,4.0,2.0,4.0,1.0,0.0,2.0,0.0,-0.9,-0.19,1.92,2.35
wish my lil bitch mouth was wrapped around kimishita's cock rn (tweeting cock 4 gage),20138,1160,4.0,3.0,1.0,3.0,3.0,2.0,0.0,0.0,2.0,0.0,-1.51,-0.16,1.3,1.96
wish my lil bitch mouth was wrapped around kimishita's cock rn (tweeting cock 4 gage),20138,9539,3.0,3.0,2.0,3.0,2.0,1.0,0.0,0.0,2.0,0.0,-1.51,-0.4,1.16,1.2
THE ULTIMATE CUCKOLD QUEEN - I FILL MY SLAVE'S STOMACH FULL OF THICK CUM : GANGBANG AND MULTIPLE CUM LOADS EATING CUCKOLD HUMILIATION URL #CUCKOLDING #Clips4Sale URL,20179,4085,3.0,2.0,1.0,1.0,1.0,2.0,1.0,0.0,2.0,0.0,-1.92,0.6,0.63,0.55
me: i have an eating disorder straight men: why babygirl?😍 curves are sexy wdym?😍😍 you're CURVY be happy about your CURVES and your BIG THIGHS being not thin is curvy and sexy 😍 CURVES😍😍😍,20217,8520,3.0,3.0,3.0,3.0,3.0,1.0,0.0,0.0,0.0,0.0,-1.2,-0.27,1.13,0.95
me: i have an eating disorder straight men: why babygirl?😍 curves are sexy wdym?😍😍 you're CURVY be happy about your CURVES and your BIG THIGHS being not thin is curvy and sexy 😍 CURVES😍😍😍,20217,8992,2.0,1.0,3.0,3.0,2.0,3.0,1.0,0.0,3.0,0.0,-1.2,0.04,0.89,0.75
me: i have an eating disorder straight men: why babygirl?😍 curves are sexy wdym?😍😍 you're CURVY be happy about your CURVES and your BIG THIGHS being not thin is curvy and sexy 😍 CURVES😍😍😍,20217,11060,3.0,3.0,3.0,2.0,2.0,0.0,0.0,0.0,3.0,0.0,-1.2,0.15,1.3,1.36
@MistressJD so I guess you will stay single and never have sex with a man then?,20274,8178,4.0,2.0,2.0,2.0,2.0,2.0,2.0,2.0,2.0,0.0,-2.11,0.24,1.37,1.23
@MistressJD so I guess you will stay single and never have sex with a man then?,20274,9231,2.0,3.0,0.0,0.0,2.0,0.0,0.0,0.0,2.0,0.0,-2.11,0.29,1.05,0.62
@MistressJD so I guess you will stay single and never have sex with a man then?,20274,9896,2.0,2.0,2.0,2.0,2.0,2.0,0.0,0.0,2.0,0.0,-2.11,-0.08,1.3,1.76
All I want is one white nigga that only knows how to shoot 3's and maybe get the occasional rebound when he's not shooting 3's,20349,1161,2.0,2.0,1.0,1.0,2.0,1.0,0.0,0.0,2.0,1.0,-1.06,0.52,0.62,0.5
All I want is one white nigga that only knows how to shoot 3's and maybe get the occasional rebound when he's not shooting 3's,20349,5857,3.0,4.0,3.0,3.0,2.0,2.0,0.0,0.0,3.0,2.0,-1.06,0.17,1.11,1.16
@DVATW We should give Muslims the same rights that Muslims give to all other religions within Muslim Countries. No more no less. Give an inch and they will take a mile.,20571,121,3.0,3.0,3.0,3.0,3.0,3.0,0.0,0.0,3.0,0.0,-0.49,-0.22,1.0,0.64
@DVATW We should give Muslims the same rights that Muslims give to all other religions within Muslim Countries. No more no less. Give an inch and they will take a mile.,20571,531,4.0,4.0,4.0,3.0,2.0,2.0,1.0,0.0,4.0,0.0,-0.49,-0.32,0.98,1.19
@DVATW We should give Muslims the same rights that Muslims give to all other religions within Muslim Countries. No more no less. Give an inch and they will take a mile.,20571,5902,3.0,2.0,2.0,1.0,2.0,0.0,0.0,0.0,3.0,0.0,-0.49,-0.46,1.06,0.8
@DVATW We should give Muslims the same rights that Muslims give to all other religions within Muslim Countries. No more no less. Give an inch and they will take a mile.,20571,9916,4.0,4.0,4.0,2.0,3.0,2.0,2.0,1.0,3.0,0.0,-0.49,-0.17,0.89,0.69
"""Women from Canada have to go to US for abortions they can't access here here's why I'm gonna ignore the glaringly obvious that Canada is fascist too""",20627,7382,4.0,4.0,4.0,4.0,2.0,0.0,0.0,0.0,4.0,0.0,0.65,-0.45,1.2,1.72
Chan: Why do you stare at me when I'm half asleep? Minho: 'Cause you're pretty. Chan: It's too early in the morning for you to be this gay.,20791,119,2.0,2.0,1.0,2.0,2.0,1.0,0.0,0.0,2.0,1.0,-3.78,-0.84,1.01,0.97
"Ok, if you see this tweet, we're now a gay couple",21073,3403,1.0,1.0,0.0,0.0,1.0,0.0,0.0,0.0,0.0,0.0,-2.23,-0.7,1.39,1.54
"Ok, if you see this tweet, we're now a gay couple",21073,5099,3.0,2.0,2.0,0.0,2.0,1.0,0.0,0.0,2.0,0.0,-2.23,0.82,1.12,1.16
"Ok, if you see this tweet, we're now a gay couple",21073,5815,2.0,2.0,2.0,2.0,2.0,2.0,1.0,0.0,2.0,0.0,-2.23,0.6,0.55,0.59
"Ok, if you see this tweet, we're now a gay couple",21073,6719,3.0,3.0,3.0,2.0,3.0,1.0,0.0,0.0,3.0,0.0,-2.23,-0.25,0.84,0.63
"A #Kashmiri youth, Adil Ahmad who had joined the #ISIS, has been arrested by the US allied forces in Syria.His parents have approached state authorities for intervening and bringing him back. @News18Kashmir",21404,4264,2.0,2.0,1.0,3.0,2.0,1.0,3.0,3.0,2.0,0.0,-2.58,-0.82,1.26,5.06
White supremacists are cowardly pussies URL,21822,8919,3.0,3.0,3.0,3.0,2.0,1.0,1.0,1.0,3.0,0.0,-0.92,-0.07,0.54,0.38
This is a problem easily solved with forced labor camps. They could actually work and benefit the US instead of stealing welfare and committing crimes and murders here. URL,22043,3544,3.0,4.0,4.0,3.0,3.0,0.0,0.0,0.0,3.0,0.0,0.47,0.13,0.84,0.68
This is a problem easily solved with forced labor camps. They could actually work and benefit the US instead of stealing welfare and committing crimes and murders here. URL,22043,3708,4.0,4.0,4.0,4.0,4.0,3.0,3.0,0.0,4.0,0.0,0.47,-0.21,0.74,0.75
This is a problem easily solved with forced labor camps. They could actually work and benefit the US instead of stealing welfare and committing crimes and murders here. URL,22043,7080,3.0,3.0,3.0,3.0,3.0,3.0,1.0,0.0,3.0,0.0,0.47,0.12,0.85,0.68
This is a problem easily solved with forced labor camps. They could actually work and benefit the US instead of stealing welfare and committing crimes and murders here. URL,22043,10038,2.0,3.0,2.0,3.0,2.0,3.0,1.0,0.0,3.0,0.0,0.47,0.49,0.85,0.77
"On this last Friday of Ramadan, and the 27th Night, please help us give underprivileged refugees and orphans in Kashmir the education that they deserve. Every amount help! Zakat & Sadaqah that will continue for many generations to come.  Donate here: URL URL",22123,1084,0.0,0.0,0.0,0.0,2.0,0.0,0.0,0.0,1.0,0.0,-4.66,0.54,1.13,1.18
"On this last Friday of Ramadan, and the 27th Night, please help us give underprivileged refugees and orphans in Kashmir the education that they deserve. Every amount help! Zakat & Sadaqah that will continue for many generations to come.  Donate here: URL URL",22123,2478,0.0,0.0,0.0,0.0,2.0,0.0,0.0,0.0,2.0,0.0,-4.66,-0.4,0.82,0.86
"On this last Friday of Ramadan, and the 27th Night, please help us give underprivileged refugees and orphans in Kashmir the education that they deserve. Every amount help! Zakat & Sadaqah that will continue for many generations to come.  Donate here: URL URL",22123,9639,1.0,0.0,0.0,0.0,2.0,0.0,0.0,0.0,0.0,0.0,-4.66,0.97,1.3,1.08
"On this last Friday of Ramadan, and the 27th Night, please help us give underprivileged refugees and orphans in Kashmir the education that they deserve. Every amount help! Zakat & Sadaqah that will continue for many generations to come.  Donate here: URL URL",22123,10694,2.0,1.0,0.0,0.0,2.0,0.0,0.0,0.0,2.0,0.0,-4.66,-0.54,0.82,0.59
@MarioAndretti You're the greatest Sir! Have a wonderful weekend.,22235,3622,0.0,0.0,0.0,0.0,0.0,0.0,0.0,0.0,0.0,0.0,-5.94,0.38,0.91,0.8
@privchoerrory For straight people we deserve pride too #straightpride,22705,815,3.0,1.0,0.0,0.0,2.0,0.0,0.0,0.0,1.0,0.0,-3.12,-0.26,1.03,0.69
@privchoerrory For straight people we deserve pride too #straightpride,22705,3317,2.0,2.0,2.0,2.0,2.0,2.0,0.0,0.0,2.0,0.0,-3.12,0.2,1.4,1.1
@privchoerrory For straight people we deserve pride too #straightpride,22705,5070,2.0,1.0,0.0,0.0,2.0,0.0,0.0,0.0,2.0,0.0,-3.12,0.98,1.09,1.43
@privchoerrory For straight people we deserve pride too #straightpride,22705,7972,1.0,0.0,0.0,3.0,1.0,2.0,0.0,0.0,0.0,0.0,-3.12,0.11,1.28,1.37
Camila with the lgbt flag 😍 #NeverBeTheSameTour #realfriends URL,22997,5134,0.0,0.0,0.0,0.0,2.0,0.0,0.0,0.0,2.0,0.0,-3.79,-0.3,0.77,0.74
Camila with the lgbt flag 😍 #NeverBeTheSameTour #realfriends URL,22997,9351,2.0,1.0,1.0,0.0,2.0,1.0,0.0,0.0,1.0,0.0,-3.79,-0.51,1.05,0.72
Camila with the lgbt flag 😍 #NeverBeTheSameTour #realfriends URL,22997,10759,2.0,2.0,2.0,2.0,2.0,2.0,1.0,1.0,2.0,0.0,-3.79,0.45,1.14,0.87
"@HayleyKiyoko i came out to my mum, dad, uncle, auntie and nan",23275,5181,0.0,0.0,0.0,0.0,2.0,0.0,0.0,0.0,1.0,0.0,-4.37,-0.75,1.0,0.85
"@HayleyKiyoko i came out to my mum, dad, uncle, auntie and nan",23275,10749,2.0,2.0,0.0,0.0,2.0,0.0,0.0,0.0,2.0,0.0,-4.37,0.21,1.33,1.33
"Allah will wreck our plans when He sees that our plans are about to wreck us. Because, He loves us. #زھرا",23303,6177,3.0,3.0,2.0,2.0,2.0,1.0,0.0,0.0,2.0,0.0,-2.9,-0.57,1.21,1.11
"Allah will wreck our plans when He sees that our plans are about to wreck us. Because, He loves us. #زھرا",23303,6346,1.0,1.0,1.0,0.0,2.0,0.0,0.0,0.0,2.0,0.0,-2.9,0.24,1.02,0.93
@TarekFatah Forget Pakistan yar. Why do love that country? You are a Canadian now. Forget the Fuck-ups!,23364,3009,4.0,2.0,1.0,1.0,2.0,1.0,1.0,1.0,2.0,0.0,-1.21,-0.32,1.09,0.79
@TarekFatah Forget Pakistan yar. Why do love that country? You are a Canadian now. Forget the Fuck-ups!,23364,3233,4.0,4.0,3.0,2.0,3.0,2.0,1.0,0.0,3.0,0.0,-1.21,0.0,0.69,0.6
@TarekFatah Forget Pakistan yar. Why do love that country? You are a Canadian now. Forget the Fuck-ups!,23364,7247,3.0,3.0,3.0,2.0,3.0,1.0,0.0,0.0,2.0,0.0,-1.21,-0.14,1.53,1.47
So basically Iran's affiliates use American Made machinery to step on American flags? Wow. Just Wow! @ScheyChris @Smiity646 @305local @sicat222 @Herald_Reports URL,23414,377,3.0,3.0,2.0,3.0,2.0,1.0,1.0,0.0,2.0,0.0,-1.93,-0.62,1.43,2.04
So basically Iran's affiliates use American Made machinery to step on American flags? Wow. Just Wow! @ScheyChris @Smiity646 @305local @sicat222 @Herald_Reports URL,23414,6090,3.0,2.0,2.0,1.0,2.0,1.0,1.0,0.0,3.0,0.0,-1.93,-0.07,0.71,0.64
@ohiomail No one should stay at her place. Which monkey? I would have had some choice words for her thst she would never refer to to a African American person as a monkey again.,23985,989,3.0,2.0,1.0,1.0,2.0,1.0,0.0,0.0,1.0,2.0,-2.75,-0.86,0.87,0.75
@ohiomail No one should stay at her place. Which monkey? I would have had some choice words for her thst she would never refer to to a African American person as a monkey again.,23985,7238,2.0,2.0,3.0,2.0,2.0,2.0,0.0,3.0,2.0,0.0,-2.75,0.06,1.48,5.75
@ohiomail No one should stay at her place. Which monkey? I would have had some choice words for her thst she would never refer to to a African American person as a monkey again.,23985,8588,3.0,2.0,1.0,1.0,2.0,1.0,0.0,0.0,1.0,0.0,-2.75,-0.27,0.94,0.84
"@gabeten You may be proud to have a gold digging, racist, ex-porn actress representing you... But, I'm thoroughly embarrassed 😩",24451,3786,4.0,3.0,3.0,3.0,3.0,3.0,1.0,1.0,2.0,0.0,0.09,0.84,0.91,0.79
"@gabeten You may be proud to have a gold digging, racist, ex-porn actress representing you... But, I'm thoroughly embarrassed 😩",24451,4807,3.0,4.0,3.0,3.0,3.0,1.0,1.0,0.0,2.0,0.0,0.09,-0.27,0.7,0.64
@Warrior4War The soulless terrorist is happy coz the infidels are dead & their women are going to be raped. Nothing brings these lifeforms more pleasure than causing pain & suffering to those who reject their evil ideology. The World would be a much better place if all these rats were killed.,24488,2298,4.0,4.0,2.0,2.0,2.0,2.0,3.0,2.0,3.0,2.0,1.86,0.28,1.37,1.06
@Warrior4War The soulless terrorist is happy coz the infidels are dead & their women are going to be raped. Nothing brings these lifeforms more pleasure than causing pain & suffering to those who reject their evil ideology. The World would be a much better place if all these rats were killed.,24488,5801,4.0,4.0,3.0,3.0,4.0,4.0,4.0,4.0,4.0,1.0,1.86,0.14,0.78,0.61
@Warrior4War The soulless terrorist is happy coz the infidels are dead & their women are going to be raped. Nothing brings these lifeforms more pleasure than causing pain & suffering to those who reject their evil ideology. The World would be a much better place if all these rats were killed.,24488,6806,4.0,4.0,4.0,3.0,3.0,3.0,3.0,4.0,4.0,2.0,1.86,-0.43,0.72,0.49
@Warrior4War The soulless terrorist is happy coz the infidels are dead & their women are going to be raped. Nothing brings these lifeforms more pleasure than causing pain & suffering to those who reject their evil ideology. The World would be a much better place if all these rats were killed.,24488,9914,4.0,4.0,4.0,3.0,4.0,4.0,4.0,4.0,4.0,2.0,1.86,-0.28,0.55,0.41
📷 exposingwhitefaggots: Faggot Paul Girvan pig faggot here looking to be used and abused by you and... URL,24837,555,4.0,4.0,4.0,4.0,3.0,3.0,3.0,1.0,4.0,2.0,3.1,-0.33,0.73,0.5
📷 exposingwhitefaggots: Faggot Paul Girvan pig faggot here looking to be used and abused by you and... URL,24837,2302,4.0,4.0,4.0,4.0,4.0,4.0,4.0,0.0,4.0,2.0,3.1,-0.75,1.13,0.61
Happy #pridemonth. A necessary reminder for all allies to continually and consistently stand against bigotry and in solidarity with the #lgbt+ community URL,25361,315,0.0,0.0,0.0,0.0,2.0,0.0,0.0,0.0,0.0,0.0,-6.0,-0.23,0.78,0.59
Happy #pridemonth. A necessary reminder for all allies to continually and consistently stand against bigotry and in solidarity with the #lgbt+ community URL,25361,8284,1.0,1.0,1.0,1.0,2.0,1.0,0.0,0.0,1.0,0.0,-6.0,-0.12,0.97,1.01
Happy #pridemonth. A necessary reminder for all allies to continually and consistently stand against bigotry and in solidarity with the #lgbt+ community URL,25361,8444,0.0,0.0,0.0,0.0,2.0,0.0,0.0,0.0,0.0,0.0,-6.0,-0.92,1.31,2.17
@casspernyovest I know niggers that can remove with sideburns with a bullet just say word,25391,4994,4.0,4.0,4.0,3.0,3.0,3.0,4.0,2.0,4.0,2.0,0.38,-0.19,0.93,0.76
@casspernyovest I know niggers that can remove with sideburns with a bullet just say word,25391,6701,4.0,2.0,1.0,0.0,2.0,0.0,1.0,1.0,2.0,1.0,0.38,0.2,0.91,0.63
@casspernyovest I know niggers that can remove with sideburns with a bullet just say word,25391,9301,4.0,4.0,4.0,3.0,2.0,1.0,3.0,1.0,3.0,2.0,0.38,0.14,1.1,0.9
"Good news for gay rights in Hong Kong, with caveats (e.g. the court didn't rule on whether same-sex couples have the right to marry under HK law) URL",25763,3834,1.0,0.0,0.0,0.0,2.0,0.0,0.0,0.0,0.0,0.0,-3.79,-0.06,0.96,0.65
"Good news for gay rights in Hong Kong, with caveats (e.g. the court didn't rule on whether same-sex couples have the right to marry under HK law) URL",25763,6608,1.0,1.0,1.0,1.0,2.0,1.0,1.0,0.0,1.0,0.0,-3.79,0.17,0.76,0.53
"Good news for gay rights in Hong Kong, with caveats (e.g. the court didn't rule on whether same-sex couples have the right to marry under HK law) URL",25763,9222,2.0,2.0,2.0,2.0,2.0,2.0,0.0,0.0,2.0,0.0,-3.79,-0.05,0.98,0.96
Bitch fuk u,25785,2194,4.0,4.0,4.0,3.0,3.0,4.0,1.0,0.0,3.0,2.0,0.82,-0.66,0.97,0.7
Bitch fuk u,25785,4553,4.0,4.0,3.0,3.0,2.0,3.0,2.0,0.0,3.0,0.0,0.82,0.46,0.72,0.67
Bitch fuk u,25785,5056,4.0,4.0,3.0,3.0,3.0,3.0,1.0,0.0,3.0,0.0,0.82,0.11,0.89,0.84
@HillaryClinton U know what...send them back to their home country,25872,168,3.0,3.0,2.0,1.0,2.0,1.0,0.0,0.0,3.0,0.0,-0.4,0.63,1.16,1.06
@HillaryClinton U know what...send them back to their home country,25872,1502,3.0,3.0,3.0,1.0,3.0,2.0,1.0,0.0,3.0,0.0,-0.4,-0.08,0.9,0.91
@HillaryClinton U know what...send them back to their home country,25872,8197,2.0,2.0,2.0,3.0,2.0,1.0,0.0,0.0,2.0,0.0,-0.4,0.26,1.44,1.39
@HillaryClinton U know what...send them back to their home country,25872,9445,4.0,4.0,3.0,3.0,4.0,3.0,3.0,1.0,4.0,0.0,-0.4,0.45,1.03,0.7
@BoiUAFool Please fuck her so she can stop,25922,3393,4.0,4.0,3.0,2.0,4.0,3.0,1.0,0.0,2.0,0.0,0.11,0.16,0.88,0.68
@BoiUAFool Please fuck her so she can stop,25922,7776,4.0,2.0,2.0,3.0,2.0,3.0,3.0,0.0,2.0,0.0,0.11,0.72,1.37,1.63
@BoiUAFool Please fuck her so she can stop,25922,9455,3.0,4.0,4.0,3.0,3.0,4.0,0.0,0.0,3.0,0.0,0.11,-0.49,0.81,0.74
"Fuck your ass on that dildo while I watch you, slave! Take all of the dildo up your ass. Don't tell me it hurts! I'll reach between your legs to finger your pussy until you cum, as you fuck your ass. Then I'll stroke my cock and shoot my cum on your face as you sit on that dildo. URL",26216,5181,4.0,4.0,4.0,4.0,4.0,4.0,0.0,0.0,4.0,2.0,1.94,-0.75,1.0,0.85
soooo men are trash,26417,2051,4.0,4.0,4.0,2.0,4.0,4.0,0.0,0.0,4.0,0.0,1.11,0.67,1.53,2.81
soooo men are trash,26417,2575,3.0,3.0,3.0,2.0,3.0,3.0,1.0,0.0,3.0,0.0,1.11,0.67,0.82,0.66
soooo men are trash,26417,10651,4.0,4.0,4.0,4.0,3.0,3.0,1.0,0.0,3.0,0.0,1.11,-0.17,1.04,1.14
The US-led peace process has *always* been mostly sticks for the Palestinians and mostly carrots for Israel. These guys are just the most extreme manifestation. URL,26971,1997,3.0,2.0,1.0,1.0,2.0,1.0,0.0,0.0,3.0,0.0,-1.12,-0.02,0.85,0.69
I got a grip of pregnant homegirls but I ain't seen not one baby daddy in any of they pictures... Where y'all niggas at? Hiding and shit,26998,623,4.0,3.0,3.0,2.0,3.0,1.0,0.0,0.0,4.0,2.0,-0.42,-0.02,1.2,0.97
I got a grip of pregnant homegirls but I ain't seen not one baby daddy in any of they pictures... Where y'all niggas at? Hiding and shit,26998,3362,2.0,2.0,4.0,4.0,2.0,2.0,0.0,0.0,2.0,0.0,-0.42,-0.24,1.38,1.61
I got a grip of pregnant homegirls but I ain't seen not one baby daddy in any of they pictures... Where y'all niggas at? Hiding and shit,26998,6177,3.0,4.0,3.0,3.0,3.0,3.0,0.0,0.0,3.0,0.0,-0.42,-0.57,1.21,1.11
All India Mahila Congress has termed the Transgender Persons (Protection of Rights) Bill of the Union Social Justice Ministry 'regressive and devoid of compassion'. URL,27447,283,2.0,2.0,2.0,2.0,2.0,2.0,2.0,2.0,2.0,0.0,-2.04,-0.33,1.02,0.82
All India Mahila Congress has termed the Transgender Persons (Protection of Rights) Bill of the Union Social Justice Ministry 'regressive and devoid of compassion'. URL,27447,7772,3.0,3.0,3.0,4.0,3.0,3.0,0.0,0.0,3.0,0.0,-2.04,-0.41,1.29,1.08
All India Mahila Congress has termed the Transgender Persons (Protection of Rights) Bill of the Union Social Justice Ministry 'regressive and devoid of compassion'. URL,27447,10519,2.0,2.0,1.0,1.0,2.0,1.0,0.0,0.0,1.0,0.0,-2.04,-0.11,1.24,0.78
the shit you bitches will do behind attention and dick disgust me,27825,7619,4.0,4.0,4.0,0.0,4.0,1.0,0.0,0.0,4.0,2.0,1.22,0.12,1.03,0.7
When Christ is rooted in your heart you start walking in love effortlessly. You may know so much about Christ and yet Christ is not rooted in your heart.,27958,7021,2.0,1.0,2.0,2.0,2.0,0.0,0.0,0.0,2.0,0.0,-2.74,0.24,0.9,1.81
When Christ is rooted in your heart you start walking in love effortlessly. You may know so much about Christ and yet Christ is not rooted in your heart.,27958,8792,2.0,2.0,0.0,0.0,2.0,0.0,0.0,0.0,2.0,0.0,-2.74,0.19,0.93,0.67
When Christ is rooted in your heart you start walking in love effortlessly. You may know so much about Christ and yet Christ is not rooted in your heart.,27958,11118,2.0,2.0,0.0,0.0,2.0,0.0,0.0,0.0,2.0,0.0,-2.74,0.13,0.47,0.35
"Saudi thuggery, funded by Merika and Trump, now exported to Sudan URL",28142,2927,3.0,3.0,3.0,1.0,2.0,1.0,1.0,0.0,3.0,0.0,-0.51,0.61,0.74,0.98
"Saudi thuggery, funded by Merika and Trump, now exported to Sudan URL",28142,4852,3.0,3.0,3.0,1.0,3.0,0.0,0.0,0.0,3.0,0.0,-0.51,0.12,0.71,0.62
"Saudi thuggery, funded by Merika and Trump, now exported to Sudan URL",28142,10416,3.0,3.0,3.0,3.0,3.0,2.0,1.0,1.0,3.0,1.0,-0.51,-0.12,0.9,0.72
Some of us are just legit guys who were raised well and know how to treat ladies . No hidden agendas,28256,6166,2.0,1.0,1.0,1.0,2.0,1.0,0.0,0.0,2.0,0.0,-5.01,-0.3,0.88,0.85
Some of us are just legit guys who were raised well and know how to treat ladies . No hidden agendas,28256,9483,0.0,0.0,0.0,0.0,2.0,0.0,0.0,0.0,0.0,0.0,-5.01,-0.98,0.99,0.74
Christianity is crazy. Ima hook you up for being good.. After you dead tho. They make God seem like yo shady ass cousin.,28360,3946,3.0,2.0,2.0,3.0,3.0,0.0,0.0,0.0,3.0,0.0,-0.76,0.43,0.78,0.52
Christianity is crazy. Ima hook you up for being good.. After you dead tho. They make God seem like yo shady ass cousin.,28360,5387,3.0,3.0,3.0,1.0,3.0,1.0,1.0,0.0,3.0,0.0,-0.76,-0.1,0.78,0.59
Christianity is crazy. Ima hook you up for being good.. After you dead tho. They make God seem like yo shady ass cousin.,28360,6612,3.0,3.0,3.0,3.0,3.0,1.0,0.0,0.0,3.0,0.0,-0.76,-0.47,0.93,1.13
New study finds discrimination against women and racial minorities in hiring in the sciences URL,28441,4655,3.0,2.0,2.0,3.0,3.0,1.0,0.0,0.0,2.0,0.0,-1.96,-0.67,0.67,0.63
New study finds discrimination against women and racial minorities in hiring in the sciences URL,28441,5109,3.0,2.0,1.0,3.0,3.0,1.0,0.0,0.0,2.0,0.0,-1.96,0.2,0.69,1.66
New study finds discrimination against women and racial minorities in hiring in the sciences URL,28441,5521,2.0,2.0,2.0,2.0,2.0,0.0,0.0,0.0,2.0,0.0,-1.96,0.27,0.82,0.84
@LvckyLeftyy_ i be wanting to smack one of these niggas.,28595,623,4.0,4.0,3.0,3.0,2.0,2.0,4.0,1.0,4.0,2.0,-0.32,-0.02,1.2,0.97
@LvckyLeftyy_ i be wanting to smack one of these niggas.,28595,6177,3.0,3.0,3.0,1.0,2.0,0.0,0.0,0.0,3.0,0.0,-0.32,-0.57,1.21,1.11
"""...the only thing extraordinary about white people is that they think something is extraordinary about white people"" URL",28790,2671,3.0,4.0,4.0,4.0,4.0,3.0,0.0,0.0,4.0,0.0,-0.52,0.25,1.74,1.26
"""...the only thing extraordinary about white people is that they think something is extraordinary about white people"" URL",28790,2920,4.0,3.0,3.0,1.0,3.0,2.0,0.0,0.0,3.0,0.0,-0.52,-0.43,0.7,0.58
"""...the only thing extraordinary about white people is that they think something is extraordinary about white people"" URL",28790,6619,2.0,2.0,2.0,3.0,2.0,0.0,0.0,0.0,2.0,0.0,-0.52,0.09,1.23,1.12
"""...the only thing extraordinary about white people is that they think something is extraordinary about white people"" URL",28790,10482,3.0,3.0,3.0,3.0,2.0,0.0,0.0,0.0,3.0,0.0,-0.52,-0.16,0.78,0.69
Blanca: GOD IS A WOMAN. #PoseFX URL,28865,1047,2.0,2.0,2.0,0.0,2.0,0.0,0.0,0.0,2.0,0.0,-2.28,0.24,0.88,1.1
@HeenaShirodkar @shakira97981861 @MajorPoonia And Then your country does not play just Of Pakistan .The had showed their real face and Instead the beat sportmanship in that match Now They have reap what they sow before.,29144,872,3.0,3.0,2.0,3.0,3.0,2.0,1.0,1.0,3.0,0.0,-1.23,0.1,1.03,0.99
@HeenaShirodkar @shakira97981861 @MajorPoonia And Then your country does not play just Of Pakistan .The had showed their real face and Instead the beat sportmanship in that match Now They have reap what they sow before.,29144,1211,3.0,3.0,3.0,3.0,2.0,2.0,1.0,0.0,3.0,1.0,-1.23,-0.93,1.03,1.05
@HeenaShirodkar @shakira97981861 @MajorPoonia And Then your country does not play just Of Pakistan .The had showed their real face and Instead the beat sportmanship in that match Now They have reap what they sow before.,29144,6593,3.0,3.0,3.0,0.0,2.0,0.0,0.0,0.0,3.0,0.0,-1.23,-0.5,0.72,0.51
@HeenaShirodkar @shakira97981861 @MajorPoonia And Then your country does not play just Of Pakistan .The had showed their real face and Instead the beat sportmanship in that match Now They have reap what they sow before.,29144,7170,3.0,2.0,1.0,0.0,3.0,0.0,0.0,0.0,3.0,0.0,-1.23,0.68,0.67,0.57
@TheibbyV1 Nah fuck that hoe,29194,2346,4.0,4.0,4.0,4.0,2.0,0.0,0.0,0.0,3.0,2.0,0.53,-0.2,1.22,1.36
@TheibbyV1 Nah fuck that hoe,29194,6316,4.0,4.0,4.0,3.0,2.0,3.0,1.0,1.0,3.0,2.0,0.53,-0.37,1.1,0.8
@TheibbyV1 Nah fuck that hoe,29194,6410,3.0,3.0,3.0,2.0,3.0,0.0,0.0,0.0,3.0,2.0,0.53,0.41,0.75,0.74
Free immigration legal screning clinic! If you have questions related to your immigration case bring all documents pertaining to your case to receive a free consultation. URL,29244,3009,4.0,3.0,3.0,3.0,3.0,3.0,1.0,1.0,3.0,0.0,-2.25,-0.32,1.09,0.79
Free immigration legal screning clinic! If you have questions related to your immigration case bring all documents pertaining to your case to receive a free consultation. URL,29244,6859,1.0,1.0,1.0,1.0,2.0,1.0,1.0,1.0,2.0,0.0,-2.25,0.94,1.22,1.02
Free immigration legal screning clinic! If you have questions related to your immigration case bring all documents pertaining to your case to receive a free consultation. URL,29244,7247,1.0,0.0,0.0,0.0,3.0,0.0,0.0,0.0,0.0,0.0,-2.25,-0.14,1.53,1.47
couldnt find no love went too da bank trending topic jimbozoe droppin all dese jewels like a natzi,29334,4526,3.0,3.0,3.0,3.0,4.0,4.0,4.0,3.0,3.0,2.0,0.12,-0.98,0.8,0.56
"This is for Rachel, you big fat white nasty smellin fat bitch",29587,857,4.0,4.0,4.0,3.0,4.0,3.0,2.0,1.0,3.0,2.0,1.22,0.23,0.73,0.84
"This is for Rachel, you big fat white nasty smellin fat bitch",29587,7167,3.0,3.0,3.0,3.0,3.0,3.0,1.0,0.0,3.0,0.0,1.22,0.81,1.35,1.12
"This is for Rachel, you big fat white nasty smellin fat bitch",29587,7505,4.0,4.0,4.0,4.0,3.0,4.0,0.0,0.0,3.0,2.0,1.22,-0.85,1.1,1.24
can someone slap this dumb hoe,29732,3874,3.0,4.0,3.0,3.0,3.0,1.0,3.0,0.0,3.0,0.0,0.77,0.55,1.11,3.6
can someone slap this dumb hoe,29732,7765,4.0,4.0,4.0,3.0,4.0,3.0,4.0,1.0,4.0,2.0,0.77,-0.61,0.74,0.63
can someone slap this dumb hoe,29732,10623,3.0,3.0,3.0,3.0,3.0,2.0,3.0,0.0,3.0,0.0,0.77,-0.19,0.7,0.59
Jesus fed 5000 people and died a virgin...some man carry a woman go KFC one time & want pums....Be like Jesus to man!!! Cho 😒,30112,1430,2.0,3.0,2.0,2.0,2.0,1.0,0.0,0.0,2.0,0.0,-0.87,0.67,1.03,0.93
Jesus fed 5000 people and died a virgin...some man carry a woman go KFC one time & want pums....Be like Jesus to man!!! Cho 😒,30112,2514,3.0,3.0,3.0,2.0,3.0,1.0,0.0,0.0,3.0,0.0,-0.87,0.22,0.54,0.34
Jesus fed 5000 people and died a virgin...some man carry a woman go KFC one time & want pums....Be like Jesus to man!!! Cho 😒,30112,6637,4.0,3.0,3.0,3.0,2.0,1.0,0.0,0.0,2.0,0.0,-0.87,0.04,0.66,0.5
I swear y'all make the most stupid shit/people go viral!!! FUCK THIS BITCH. FUCK ICE. FUCK AMERIKKKA. FREE EVERY UNDOCUMENTED PERSON/CHILD. URL,30337,2055,0.0,1.0,0.0,0.0,2.0,0.0,0.0,0.0,0.0,1.0,-1.08,0.53,1.23,0.82
I swear y'all make the most stupid shit/people go viral!!! FUCK THIS BITCH. FUCK ICE. FUCK AMERIKKKA. FREE EVERY UNDOCUMENTED PERSON/CHILD. URL,30337,8048,4.0,3.0,3.0,1.0,2.0,1.0,1.0,1.0,2.0,2.0,-1.08,0.74,0.83,0.71
I swear y'all make the most stupid shit/people go viral!!! FUCK THIS BITCH. FUCK ICE. FUCK AMERIKKKA. FREE EVERY UNDOCUMENTED PERSON/CHILD. URL,30337,9496,4.0,4.0,4.0,1.0,4.0,2.0,0.0,0.0,4.0,0.0,-1.08,-0.26,0.84,0.56
Jump who nigga u støøpid I really wish so everyone in the wood can stomp you out like the cockroach face u are,30394,6928,4.0,4.0,4.0,4.0,4.0,4.0,4.0,2.0,4.0,2.0,1.49,-0.84,1.15,0.78
Jump who nigga u støøpid I really wish so everyone in the wood can stomp you out like the cockroach face u are,30394,8815,4.0,4.0,4.0,4.0,4.0,4.0,4.0,1.0,4.0,2.0,1.49,-0.74,0.9,0.58
Jump who nigga u støøpid I really wish so everyone in the wood can stomp you out like the cockroach face u are,30394,10168,4.0,3.0,3.0,3.0,3.0,3.0,3.0,3.0,3.0,2.0,1.49,-0.21,0.81,0.79
Jump who nigga u støøpid I really wish so everyone in the wood can stomp you out like the cockroach face u are,30394,10277,4.0,3.0,3.0,3.0,2.0,3.0,3.0,2.0,3.0,2.0,1.49,-0.5,1.48,2.13
British people are fucking psycho's. URL,30967,669,3.0,3.0,4.0,3.0,4.0,2.0,0.0,0.0,3.0,0.0,0.18,0.01,0.74,0.76
British people are fucking psycho's. URL,30967,4687,4.0,4.0,4.0,4.0,4.0,3.0,2.0,1.0,3.0,2.0,0.18,-0.78,0.69,0.47
British people are fucking psycho's. URL,30967,6080,4.0,3.0,3.0,1.0,2.0,1.0,1.0,0.0,3.0,0.0,0.18,-0.16,1.04,0.99
British people are fucking psycho's. URL,30967,6273,4.0,4.0,4.0,3.0,3.0,1.0,0.0,1.0,3.0,0.0,0.18,-0.06,0.9,1.8
Sexy boy with a thick cock cums 4U. Retweet and Follow @usjackoffclub URL,30979,7101,1.0,2.0,1.0,1.0,2.0,1.0,0.0,0.0,2.0,0.0,-3.53,-0.17,0.8,0.61
: females are literal reptiles : like born snakes : they talk about everyone they hang around : some know it : some dont 🤷🏽‍♂️😂 :,31050,9536,4.0,4.0,4.0,3.0,4.0,4.0,0.0,0.0,4.0,0.0,1.5,0.47,0.89,0.59
: females are literal reptiles : like born snakes : they talk about everyone they hang around : some know it : some dont 🤷🏽‍♂️😂 :,31050,10743,3.0,3.0,3.0,3.0,3.0,4.0,0.0,0.0,3.0,2.0,1.5,0.73,0.81,0.74
if you directly degrade a girl for having sex then fuck you,31146,3635,3.0,2.0,2.0,2.0,2.0,2.0,0.0,0.0,0.0,0.0,-0.37,0.52,1.01,1.63
if you directly degrade a girl for having sex then fuck you,31146,3922,4.0,4.0,3.0,3.0,4.0,3.0,3.0,0.0,4.0,2.0,-0.37,-0.51,1.33,1.17
if you directly degrade a girl for having sex then fuck you,31146,6354,3.0,3.0,3.0,3.0,3.0,3.0,2.0,1.0,3.0,2.0,-0.37,-0.73,0.75,0.95
Black Americans are standing up for President Trump because they know he believes in all Americans.,31223,3348,0.0,0.0,0.0,0.0,1.0,0.0,0.0,0.0,0.0,0.0,-7.61,-0.52,1.34,1.23
Black Americans are standing up for President Trump because they know he believes in all Americans.,31223,5902,0.0,0.0,0.0,0.0,2.0,0.0,0.0,0.0,0.0,0.0,-7.61,-0.46,1.06,0.8
Black Americans are standing up for President Trump because they know he believes in all Americans.,31223,9218,0.0,0.0,0.0,0.0,2.0,1.0,1.0,1.0,1.0,0.0,-7.61,0.94,1.19,0.83
"@SenTedCruz The largest, most dangerous domestic terror group in the USA right now are radicalized conservative white men with guns and bombs. URL",31443,5074,4.0,2.0,2.0,0.0,2.0,2.0,0.0,0.0,2.0,0.0,-0.64,-0.33,1.25,1.15
"@SenTedCruz The largest, most dangerous domestic terror group in the USA right now are radicalized conservative white men with guns and bombs. URL",31443,5340,3.0,3.0,3.0,3.0,3.0,2.0,1.0,1.0,3.0,0.0,-0.64,0.04,0.55,0.52
"@SenTedCruz The largest, most dangerous domestic terror group in the USA right now are radicalized conservative white men with guns and bombs. URL",31443,6336,4.0,3.0,3.0,2.0,2.0,2.0,0.0,0.0,3.0,0.0,-0.64,0.77,0.98,1.31
Just amazing! 5000 Iranians partook in a huge gathering in Sweden today to support the uprisings in Iran and to support the Iranian Resistance (PMOI/MEK) led by @Maryam_Rajavi.  It's time for a #FreeIran!  #Iran #WeSupportMEK URL,31475,2689,0.0,0.0,0.0,0.0,2.0,0.0,0.0,0.0,2.0,0.0,-6.44,0.5,0.83,0.74
Just amazing! 5000 Iranians partook in a huge gathering in Sweden today to support the uprisings in Iran and to support the Iranian Resistance (PMOI/MEK) led by @Maryam_Rajavi.  It's time for a #FreeIran!  #Iran #WeSupportMEK URL,31475,2911,0.0,0.0,0.0,0.0,1.0,0.0,0.0,0.0,0.0,0.0,-6.44,-0.07,0.99,0.69
Just amazing! 5000 Iranians partook in a huge gathering in Sweden today to support the uprisings in Iran and to support the Iranian Resistance (PMOI/MEK) led by @Maryam_Rajavi.  It's time for a #FreeIran!  #Iran #WeSupportMEK URL,31475,3331,0.0,0.0,0.0,0.0,2.0,0.0,0.0,0.0,1.0,0.0,-6.44,-0.75,1.03,0.88
@BeauStead @roddreher Do you have any limiting principles on immigration?,31609,2570,2.0,2.0,1.0,1.0,2.0,1.0,1.0,1.0,2.0,0.0,-2.96,-0.22,0.87,0.92
@BeauStead @roddreher Do you have any limiting principles on immigration?,31609,9287,2.0,2.0,2.0,2.0,2.0,2.0,2.0,2.0,2.0,0.0,-2.96,-0.25,0.85,0.74
Your favorite rapist pastor is showing his cult boy fangs. His desperation smells like rotten fish. It would be amusing if it wasn't so dangerous. That man is a menace to society. He should be taken down like a rabid dog.,31852,2865,4.0,4.0,4.0,4.0,4.0,3.0,4.0,4.0,4.0,0.0,3.89,0.26,0.82,0.62
"Please FB. We must eliminate the criminal and hateful Muslims that are cancerous to our Christian country, which truly is a people of peace and laws.",31961,4338,4.0,4.0,3.0,3.0,4.0,4.0,1.0,0.0,3.0,0.0,-0.98,0.54,0.84,0.71
"Please FB. We must eliminate the criminal and hateful Muslims that are cancerous to our Christian country, which truly is a people of peace and laws.",31961,5083,3.0,3.0,2.0,0.0,3.0,1.0,1.0,1.0,3.0,0.0,-0.98,0.07,1.3,2.02
"Please FB. We must eliminate the criminal and hateful Muslims that are cancerous to our Christian country, which truly is a people of peace and laws.",31961,9016,0.0,2.0,2.0,2.0,2.0,2.0,2.0,0.0,2.0,0.0,-0.98,-0.04,1.52,1.09
"Matter of fact, I get sad when I realize my kids will never witness Filipino Tumblr $WAG",32278,4658,2.0,2.0,1.0,0.0,2.0,0.0,0.0,0.0,2.0,0.0,-3.27,-0.05,0.78,0.8
"Matter of fact, I get sad when I realize my kids will never witness Filipino Tumblr $WAG",32278,9026,0.0,1.0,0.0,0.0,2.0,0.0,0.0,0.0,2.0,0.0,-3.27,0.7,1.26,0.66
@yummyleika bitch same especially one dumb bitch,32646,4459,4.0,3.0,3.0,3.0,4.0,2.0,1.0,0.0,2.0,0.0,-0.86,-0.48,0.92,1.01
@AOC There is no force equal to a woman determined to rise W. E. B. Du Bois Thought you might need to hear this today.,32721,724,0.0,0.0,0.0,0.0,2.0,0.0,0.0,0.0,1.0,0.0,-4.16,0.9,1.05,1.1
@AOC There is no force equal to a woman determined to rise W. E. B. Du Bois Thought you might need to hear this today.,32721,6077,0.0,0.0,0.0,0.0,2.0,0.0,0.0,0.0,2.0,0.0,-4.16,0.73,1.4,1.1
@AOC There is no force equal to a woman determined to rise W. E. B. Du Bois Thought you might need to hear this today.,32721,6319,1.0,2.0,0.0,0.0,0.0,0.0,0.0,1.0,0.0,0.0,-4.16,0.34,1.54,1.42
"Yeah prolly not. Still got cordae, coldest rapper with a lisp and Tierra whack.",33332,5157,3.0,3.0,3.0,3.0,3.0,2.0,1.0,0.0,1.0,0.0,-1.31,-0.25,0.56,0.5
@NRO @madeleinekearns Straights have been doing tacky pro straight activism forever. Fuck off,33377,5387,4.0,4.0,3.0,3.0,3.0,1.0,1.0,1.0,3.0,1.0,-0.14,-0.1,0.78,0.59
@NRO @madeleinekearns Straights have been doing tacky pro straight activism forever. Fuck off,33377,7194,4.0,4.0,4.0,3.0,3.0,1.0,2.0,0.0,4.0,2.0,-0.14,-0.33,1.09,1.1
@NRO @madeleinekearns Straights have been doing tacky pro straight activism forever. Fuck off,33377,8687,2.0,2.0,2.0,2.0,2.0,0.0,0.0,0.0,2.0,0.0,-0.14,0.78,0.67,0.51
"Imagine being a raging lunatic hate spewing Jihadi that has a bunch of handlers and not ONE of them is like... ""hey we better scrub your social media of potentially damaging content down the road."" The Deep State is now run by legitimate morons. URL",33502,4344,3.0,3.0,3.0,3.0,2.0,0.0,0.0,0.0,3.0,0.0,0.4,1.12,1.44,2.74
turn you to a bbc slut when you take my dick balls deep in your tiny white ass URL,33697,1171,3.0,3.0,2.0,2.0,2.0,3.0,3.0,0.0,2.0,2.0,0.67,0.76,1.12,1.26
turn you to a bbc slut when you take my dick balls deep in your tiny white ass URL,33697,7898,4.0,4.0,4.0,4.0,3.0,4.0,0.0,0.0,4.0,1.0,0.67,-0.52,1.3,1.09
No need to tie up this faggot; it would do anything for the Alpha that owns it. (#tbtumblr of @inservice2MMNYC) URL,34032,2204,3.0,4.0,3.0,3.0,2.0,2.0,3.0,1.0,3.0,2.0,0.73,-0.72,1.02,1.3
No need to tie up this faggot; it would do anything for the Alpha that owns it. (#tbtumblr of @inservice2MMNYC) URL,34032,2765,4.0,4.0,4.0,4.0,4.0,1.0,0.0,0.0,3.0,2.0,0.73,-0.57,1.14,0.82
No need to tie up this faggot; it would do anything for the Alpha that owns it. (#tbtumblr of @inservice2MMNYC) URL,34032,5978,4.0,4.0,4.0,4.0,4.0,4.0,2.0,2.0,4.0,2.0,0.73,-0.68,0.98,0.76
"@PompeyPom @WhosFibbing . I'm not condoning either act of throwing, but I'll just leave it here; women are fighting for equality and complain when it happens. #justsaying",34068,2178,2.0,2.0,1.0,1.0,2.0,1.0,1.0,0.0,2.0,0.0,-1.36,0.55,0.79,0.74
"@PompeyPom @WhosFibbing . I'm not condoning either act of throwing, but I'll just leave it here; women are fighting for equality and complain when it happens. #justsaying",34068,8089,3.0,3.0,3.0,1.0,2.0,2.0,0.0,0.0,3.0,0.0,-1.36,0.62,0.68,0.53
@AdamSerwer @jonfavs The advancements achieved during the Civil Rights Era have been fought tooth-and-nail since then. Affirmative action has been chipped away because SCOTUS—mostly white people—claimed that it discriminated against white people.,34242,2098,2.0,2.0,1.0,1.0,2.0,1.0,0.0,0.0,2.0,0.0,-1.91,-0.77,1.31,7.21
@AdamSerwer @jonfavs The advancements achieved during the Civil Rights Era have been fought tooth-and-nail since then. Affirmative action has been chipped away because SCOTUS—mostly white people—claimed that it discriminated against white people.,34242,3075,3.0,2.0,3.0,2.0,3.0,1.0,0.0,0.0,3.0,0.0,-1.91,-0.08,1.13,0.91
@AdamSerwer @jonfavs The advancements achieved during the Civil Rights Era have been fought tooth-and-nail since then. Affirmative action has been chipped away because SCOTUS—mostly white people—claimed that it discriminated against white people.,34242,7350,2.0,2.0,2.0,0.0,2.0,0.0,0.0,0.0,2.0,0.0,-1.91,0.67,0.68,0.59
@AdamSerwer @jonfavs The advancements achieved during the Civil Rights Era have been fought tooth-and-nail since then. Affirmative action has been chipped away because SCOTUS—mostly white people—claimed that it discriminated against white people.,34242,10352,3.0,4.0,3.0,3.0,3.0,1.0,0.0,0.0,3.0,0.0,-1.91,-1.04,0.99,1.1
"@DebatingHipHop_ you no mustache having With whiskers like a rat, compared to Beans you whack And your man stabbed Un and made you take the blame You ass, went from Jaz to hanging with Kane, to Irv, to B.I.G And Eminem murdered you on your own shit You a dick-riding faggot, you love the attention URL",34378,4835,4.0,4.0,4.0,4.0,3.0,3.0,0.0,0.0,3.0,2.0,1.14,0.13,0.82,0.65
"@DebatingHipHop_ you no mustache having With whiskers like a rat, compared to Beans you whack And your man stabbed Un and made you take the blame You ass, went from Jaz to hanging with Kane, to Irv, to B.I.G And Eminem murdered you on your own shit You a dick-riding faggot, you love the attention URL",34378,9869,4.0,4.0,3.0,3.0,3.0,1.0,0.0,0.0,3.0,2.0,1.14,-0.51,0.66,0.51
"It's okay @MarioLopezExtra. We're here to help provide more education on what being #transgender means, the difference between #sexualorientation, #sex, and #gender... and a whole lot of other things. URL",34628,1676,3.0,2.0,1.0,1.0,2.0,1.0,0.0,0.0,1.0,0.0,-3.45,-0.16,0.63,0.49
"It's okay @MarioLopezExtra. We're here to help provide more education on what being #transgender means, the difference between #sexualorientation, #sex, and #gender... and a whole lot of other things. URL",34628,2276,2.0,2.0,0.0,0.0,2.0,0.0,0.0,0.0,2.0,0.0,-3.45,-0.49,0.56,0.48
"It's okay @MarioLopezExtra. We're here to help provide more education on what being #transgender means, the difference between #sexualorientation, #sex, and #gender... and a whole lot of other things. URL",34628,5186,1.0,2.0,0.0,0.0,2.0,0.0,0.0,0.0,1.0,0.0,-3.45,-0.05,1.01,0.82
Did anyone expect more from Channel Racism? They groomed Pauline Hanson and gave her a platform. Yes - there is a spectrum here - racists are arseholes - there is no eureka moment here folks. Indigenous folk and POC have known this for a long time.,34917,4600,4.0,2.0,2.0,2.0,2.0,2.0,2.0,0.0,1.0,0.0,-1.04,-0.15,1.08,0.85
Did anyone expect more from Channel Racism? They groomed Pauline Hanson and gave her a platform. Yes - there is a spectrum here - racists are arseholes - there is no eureka moment here folks. Indigenous folk and POC have known this for a long time.,34917,7127,3.0,3.0,3.0,3.0,3.0,0.0,0.0,0.0,3.0,0.0,-1.04,-0.44,0.74,0.77
"In the #DemocraticDebate, Bennet mentions that he's the only person who *really* counts in the minyan!",34950,4840,3.0,2.0,1.0,1.0,2.0,0.0,0.0,0.0,2.0,0.0,-2.89,-0.18,0.84,0.78
"@IlhanMN You're an Anti-Semitic Anti-American #ShariaLawSupremacist #Totalitarian sporting the Largest Patriarchal Misogynist Plague on Earth w/a Rabid intent to Kill all""Infidels""=Anyone who won't be their/your Slave! Your #Taqiyya is transparent & also defines you as a Repugnant Liar!",34973,3617,4.0,2.0,2.0,2.0,2.0,2.0,1.0,0.0,3.0,1.0,0.66,-0.22,1.09,0.91
"@IlhanMN You're an Anti-Semitic Anti-American #ShariaLawSupremacist #Totalitarian sporting the Largest Patriarchal Misogynist Plague on Earth w/a Rabid intent to Kill all""Infidels""=Anyone who won't be their/your Slave! Your #Taqiyya is transparent & also defines you as a Repugnant Liar!",34973,4731,4.0,4.0,3.0,3.0,3.0,3.0,1.0,1.0,4.0,1.0,0.66,0.06,0.95,1.04
"@IlhanMN You're an Anti-Semitic Anti-American #ShariaLawSupremacist #Totalitarian sporting the Largest Patriarchal Misogynist Plague on Earth w/a Rabid intent to Kill all""Infidels""=Anyone who won't be their/your Slave! Your #Taqiyya is transparent & also defines you as a Repugnant Liar!",34973,6450,4.0,4.0,3.0,3.0,2.0,3.0,3.0,3.0,3.0,2.0,0.66,-0.3,1.33,1.86
"@IlhanMN You're an Anti-Semitic Anti-American #ShariaLawSupremacist #Totalitarian sporting the Largest Patriarchal Misogynist Plague on Earth w/a Rabid intent to Kill all""Infidels""=Anyone who won't be their/your Slave! Your #Taqiyya is transparent & also defines you as a Repugnant Liar!",34973,7112,4.0,4.0,4.0,4.0,3.0,4.0,4.0,4.0,4.0,2.0,0.66,-0.94,1.31,1.04
"#EU will pay heavy price for not only ignoring but also profiting from gross #humanrights abuses by its trade partner, the armed thugs #IRGC in Iran. Just wait for your karma!! #SaveArash #FreeArash #FreeNarges #FreeNazanin #Taheri_Movement #Iran #UK #Khamenei #Mogherini #Germany URL",35131,7396,1.0,0.0,0.0,0.0,2.0,0.0,0.0,0.0,0.0,0.0,-4.81,0.29,0.87,1.07
"You can always tell when football camp back in session. Niggas every post be about god. 2 weeks ago when they were on their 19th day straight bender, sucking on random titties god was no where in their damn mind 😂😂🥴🥴🥴🥴 god saw you bitch.",35364,4619,4.0,4.0,3.0,2.0,3.0,3.0,0.0,0.0,3.0,2.0,0.41,0.0,0.87,1.14
"You can always tell when football camp back in session. Niggas every post be about god. 2 weeks ago when they were on their 19th day straight bender, sucking on random titties god was no where in their damn mind 😂😂🥴🥴🥴🥴 god saw you bitch.",35364,10882,4.0,4.0,4.0,4.0,2.0,0.0,0.0,0.0,3.0,0.0,0.41,-0.6,1.17,0.91
that's some gay shit URL,35633,5075,3.0,3.0,3.0,2.0,3.0,3.0,0.0,0.0,3.0,1.0,-0.32,0.0,0.87,0.98
that's some gay shit URL,35633,9176,2.0,3.0,3.0,3.0,3.0,0.0,0.0,0.0,3.0,2.0,-0.32,0.1,0.83,0.61
Do you think theres something wrong with dating someone who is not in your church..A lot of emphasis seems to be… — There is something wrong with any church saying there is something wrong with dating someone outside the church.… URL,35708,2635,2.0,2.0,2.0,1.0,3.0,1.0,0.0,0.0,3.0,0.0,-1.25,0.51,0.97,1.11
"@Kenyankop @PillowPrincesse @wanza_ Hope you know if you believe in hell, that you won't end up there, cuz that shit is far to luxurious for your demented, vile, small dick energy emmiting, broken home creating ass. Fuck you. Hope someone shoves a pinecone down your dick.",35744,2234,4.0,4.0,3.0,3.0,4.0,4.0,3.0,1.0,4.0,2.0,0.16,-0.42,1.09,0.81
"@Kenyankop @PillowPrincesse @wanza_ Hope you know if you believe in hell, that you won't end up there, cuz that shit is far to luxurious for your demented, vile, small dick energy emmiting, broken home creating ass. Fuck you. Hope someone shoves a pinecone down your dick.",35744,9299,4.0,4.0,0.0,0.0,2.0,1.0,4.0,0.0,3.0,2.0,0.16,-0.67,1.23,1.11
Great news that Sikhs from #India and #Pakistan together celebrated the 550th anniversary of the birth of Guru Nanak at Nankana Sahib. We welcome efforts to build people-to-people ties between India and Pakistan. - AGW,36080,2852,0.0,0.0,0.0,0.0,2.0,0.0,0.0,0.0,0.0,0.0,-4.55,0.76,0.54,0.42
Great news that Sikhs from #India and #Pakistan together celebrated the 550th anniversary of the birth of Guru Nanak at Nankana Sahib. We welcome efforts to build people-to-people ties between India and Pakistan. - AGW,36080,3113,1.0,1.0,0.0,0.0,2.0,0.0,0.0,0.0,1.0,0.0,-4.55,0.56,0.76,0.84
Great news that Sikhs from #India and #Pakistan together celebrated the 550th anniversary of the birth of Guru Nanak at Nankana Sahib. We welcome efforts to build people-to-people ties between India and Pakistan. - AGW,36080,5944,0.0,0.0,1.0,1.0,2.0,0.0,0.0,0.0,2.0,0.0,-4.55,0.35,1.02,1.0
"@TheThunderMan05 @cindykomol Mate, no one is wiping out white people. In fact, you're far more likely to get wiped by a white guy with an assault rifle, who thinks like you, than the phantom foreigners you fear.",36618,3196,3.0,3.0,3.0,0.0,3.0,0.0,0.0,0.0,3.0,0.0,-0.85,-0.42,0.8,0.56
"@TheThunderMan05 @cindykomol Mate, no one is wiping out white people. In fact, you're far more likely to get wiped by a white guy with an assault rifle, who thinks like you, than the phantom foreigners you fear.",36618,5519,4.0,3.0,3.0,3.0,2.0,1.0,1.0,1.0,3.0,0.0,-0.85,-0.19,0.58,0.56
"President @MBuhari and his administration respect and uphold the right of every Nigerian to peaceful protest and civil campaign—whether to raise awareness on issues, and even oppose the Govt. It is the inalienable right of ALL citizens of the Federal Republic of Nigeria to do so.",37285,10367,1.0,0.0,0.0,0.0,2.0,0.0,0.0,0.0,2.0,0.0,-4.25,0.08,0.73,0.58
'Height of unethical journalism': CNN's Jake Tapper uses racist El Paso shooter to attack Palestinians URL,37823,1180,3.0,3.0,3.0,3.0,3.0,2.0,1.0,1.0,3.0,0.0,-1.58,-0.24,0.85,0.64
'Height of unethical journalism': CNN's Jake Tapper uses racist El Paso shooter to attack Palestinians URL,37823,10452,3.0,2.0,1.0,1.0,2.0,1.0,1.0,0.0,2.0,0.0,-1.58,-0.11,0.84,0.64
I am glad @INCIndia chose Ghulam Nabi Azad to represent them in the house on #Article370. Now we know for sure that the Indian National Congress is neither Indian nor National!!,37954,4721,3.0,3.0,3.0,2.0,3.0,3.0,0.0,0.0,3.0,0.0,-1.41,-0.37,0.83,0.79
I am glad @INCIndia chose Ghulam Nabi Azad to represent them in the house on #Article370. Now we know for sure that the Indian National Congress is neither Indian nor National!!,37954,7413,1.0,1.0,1.0,1.0,1.0,1.0,1.0,1.0,2.0,0.0,-1.41,-0.12,0.92,0.67
I am glad @INCIndia chose Ghulam Nabi Azad to represent them in the house on #Article370. Now we know for sure that the Indian National Congress is neither Indian nor National!!,37954,8475,4.0,4.0,3.0,2.0,2.0,0.0,0.0,0.0,3.0,0.0,-1.41,-0.26,0.87,1.31
"@SecPompeo @USEmbassyFSM The Most Powerful Opposition In Iran Is Restart Opposition, The Globalist Media Censored Restart Opposition, If You Support Regime Change In Iran Give To The Restart Opposition And Our Leader Seyed Mohammad Hosseini Media #RestartMIGA #MAGA #Media4RestartLeader #Israel #qanon",38134,9820,2.0,2.0,1.0,1.0,2.0,1.0,3.0,2.0,2.0,0.0,-2.55,0.35,0.9,2.02
"Yesterday screenshots of Muhammad's Facebook account surfaced on the Internet, which at least left no doubt in a disturbing way to the killer's fidelity to Allah. ""In the name of Allah the Merciful – Every soul will die,"" he wrote, and under it, ""Belief in Almighty Allah.""",38219,809,2.0,2.0,2.0,2.0,2.0,1.0,0.0,0.0,2.0,0.0,-2.16,0.01,0.69,0.66
"Yesterday screenshots of Muhammad's Facebook account surfaced on the Internet, which at least left no doubt in a disturbing way to the killer's fidelity to Allah. ""In the name of Allah the Merciful – Every soul will die,"" he wrote, and under it, ""Belief in Almighty Allah.""",38219,6256,3.0,2.0,2.0,1.0,2.0,2.0,1.0,0.0,2.0,0.0,-2.16,-0.14,1.08,0.82
"Yesterday screenshots of Muhammad's Facebook account surfaced on the Internet, which at least left no doubt in a disturbing way to the killer's fidelity to Allah. ""In the name of Allah the Merciful – Every soul will die,"" he wrote, and under it, ""Belief in Almighty Allah.""",38219,6699,3.0,2.0,2.0,2.0,2.0,2.0,2.0,0.0,2.0,0.0,-2.16,0.4,1.2,1.17
"Yesterday screenshots of Muhammad's Facebook account surfaced on the Internet, which at least left no doubt in a disturbing way to the killer's fidelity to Allah. ""In the name of Allah the Merciful – Every soul will die,"" he wrote, and under it, ""Belief in Almighty Allah.""",38219,9670,2.0,2.0,2.0,2.0,2.0,2.0,2.0,2.0,2.0,0.0,-2.16,0.4,0.71,1.0
@robertjeffress @realDonaldTrump These are not the words of a true man of God. Jesus was kind to the poor and less fortunate. Jesus wouldn't want this hate being preached. He wouldn't want murder. #EnoughIsEnoughStopTheHate it's time for false men of God to resign.,38265,3946,3.0,0.0,0.0,0.0,1.0,0.0,0.0,0.0,1.0,0.0,-3.27,0.43,0.78,0.52
@robertjeffress @realDonaldTrump These are not the words of a true man of God. Jesus was kind to the poor and less fortunate. Jesus wouldn't want this hate being preached. He wouldn't want murder. #EnoughIsEnoughStopTheHate it's time for false men of God to resign.,38265,5387,1.0,1.0,1.0,1.0,2.0,1.0,0.0,0.0,3.0,0.0,-3.27,-0.1,0.78,0.59
@robertjeffress @realDonaldTrump These are not the words of a true man of God. Jesus was kind to the poor and less fortunate. Jesus wouldn't want this hate being preached. He wouldn't want murder. #EnoughIsEnoughStopTheHate it's time for false men of God to resign.,38265,6612,2.0,2.0,2.0,3.0,2.0,2.0,0.0,0.0,1.0,0.0,-3.27,-0.47,0.93,1.13
#LetsFightForKashmir World should know the real face of India as they are using cluster toy bombs against Kashmiris  @Warrior_1947 @Ik_Warriors,38390,1707,4.0,3.0,3.0,2.0,2.0,3.0,1.0,0.0,3.0,0.0,-0.72,-0.47,0.95,0.86
#LetsFightForKashmir World should know the real face of India as they are using cluster toy bombs against Kashmiris  @Warrior_1947 @Ik_Warriors,38390,6642,3.0,3.0,3.0,2.0,2.0,2.0,0.0,0.0,3.0,0.0,-0.72,0.46,0.64,0.68
suck my fucking dick stoopid,38486,6225,4.0,4.0,2.0,3.0,2.0,3.0,0.0,0.0,2.0,0.0,-0.31,0.06,1.61,2.56
@SvennieNicole @Slaynite @adeliaofficial_ @OmarKelly She's at fault for screwing 2 different guys and stirring up the instinctual biological response of jealousy. Wake up!,38512,3801,2.0,3.0,3.0,3.0,3.0,2.0,0.0,0.0,3.0,0.0,-0.55,-0.57,1.04,0.95
@SvennieNicole @Slaynite @adeliaofficial_ @OmarKelly She's at fault for screwing 2 different guys and stirring up the instinctual biological response of jealousy. Wake up!,38512,8732,4.0,4.0,3.0,2.0,3.0,3.0,1.0,0.0,3.0,0.0,-0.55,-0.14,0.85,0.64
ISIS commander: ▪️I killed and slaughtered about 900 people. ▪️I raped about 50 girls (15-16 year old). ▪️I raped over 200 women #YazidiGenocide  URL,38712,4348,3.0,2.0,2.0,2.0,2.0,2.0,1.0,0.0,2.0,0.0,-2.73,-0.6,0.58,0.79
"""My confidence comes from deciding for myself."" @DitaVonTeese was joined by @Goldilockslg, founder of @thesexed, at The Wing LA for a convo on the intersection of sexuality & business & why being in touch with your sexuality can be key to how we move through every facet of life. URL",38926,1999,2.0,1.0,1.0,1.0,2.0,1.0,0.0,0.0,1.0,0.0,-3.08,0.73,0.92,0.84
@oldguynewhandle pakis pretending they r kashmiris 😂,39035,704,3.0,3.0,2.0,3.0,2.0,0.0,0.0,0.0,2.0,0.0,-1.46,-0.01,0.62,0.65
@oldguynewhandle pakis pretending they r kashmiris 😂,39035,2086,2.0,2.0,2.0,2.0,2.0,2.0,1.0,1.0,2.0,0.0,-1.46,1.01,0.97,0.96
If my girlfriend ever cheat on me with a white man imma kill myself,39086,1639,4.0,3.0,3.0,3.0,3.0,1.0,1.0,0.0,3.0,2.0,-0.58,0.49,1.0,0.67
If my girlfriend ever cheat on me with a white man imma kill myself,39086,1930,3.0,3.0,3.0,3.0,2.0,1.0,1.0,2.0,3.0,0.0,-0.58,-0.26,0.99,1.42
If my girlfriend ever cheat on me with a white man imma kill myself,39086,3401,3.0,3.0,3.0,2.0,3.0,2.0,1.0,0.0,2.0,0.0,-0.58,0.52,0.83,0.61
If my girlfriend ever cheat on me with a white man imma kill myself,39086,3762,4.0,3.0,2.0,2.0,2.0,2.0,0.0,0.0,3.0,0.0,-0.58,-0.57,0.82,0.67
"@MaximeBernier Thank you. I am from San Francisco and fought for countless years for gays to have the right to marry. I never needed to attend a ""pride parade"". The real pride was making sure everyone was treated equally (not special). The duplicitous left are everything they claim to oppose.",39293,2225,1.0,1.0,1.0,1.0,2.0,1.0,1.0,0.0,1.0,0.0,-4.03,0.31,0.51,0.43
"This ""well mannered"" #BeachDebbie attacked an African-American woman while telling her ""go back to where she came from"". Trump supporter?   URL",39321,3784,4.0,4.0,3.0,2.0,2.0,3.0,0.0,0.0,3.0,0.0,-0.96,-0.02,0.78,0.63
"This ""well mannered"" #BeachDebbie attacked an African-American woman while telling her ""go back to where she came from"". Trump supporter?   URL",39321,5766,4.0,2.0,3.0,2.0,3.0,2.0,4.0,1.0,4.0,2.0,-0.96,-0.8,1.53,1.62
FATAH: India wins freedom 2.0 URL  Some very interesting observations here!,39620,6137,2.0,2.0,2.0,0.0,2.0,0.0,0.0,0.0,2.0,0.0,-3.41,-0.51,0.92,0.63
FATAH: India wins freedom 2.0 URL  Some very interesting observations here!,39620,7023,2.0,0.0,0.0,0.0,2.0,0.0,0.0,0.0,2.0,0.0,-3.41,-0.02,1.28,0.87
"soooo that video of dumbass people swarming an asian guy bc he's asian,,,,, i have no words to express my disgust and disappointment. like are u dense????? what made sense in your fucking head to bother a stranger like that and film him.",39668,1761,4.0,0.0,0.0,1.0,2.0,1.0,0.0,0.0,0.0,0.0,-3.34,-0.29,1.15,0.82
"soooo that video of dumbass people swarming an asian guy bc he's asian,,,,, i have no words to express my disgust and disappointment. like are u dense????? what made sense in your fucking head to bother a stranger like that and film him.",39668,8409,4.0,1.0,0.0,0.0,4.0,0.0,0.0,0.0,0.0,2.0,-3.34,-0.72,1.07,1.1
"soooo that video of dumbass people swarming an asian guy bc he's asian,,,,, i have no words to express my disgust and disappointment. like are u dense????? what made sense in your fucking head to bother a stranger like that and film him.",39668,10000,2.0,2.0,0.0,0.0,2.0,0.0,0.0,0.0,0.0,0.0,-3.34,-0.21,0.48,0.32
Show your cock faggot.. the most depressing upload schedule ever.,40133,464,4.0,4.0,4.0,4.0,3.0,3.0,0.0,0.0,3.0,2.0,0.66,-0.78,1.0,0.99
Show your cock faggot.. the most depressing upload schedule ever.,40133,3264,3.0,3.0,3.0,3.0,3.0,3.0,1.0,0.0,3.0,2.0,0.66,-0.49,0.82,0.68
Show your cock faggot.. the most depressing upload schedule ever.,40133,10337,4.0,4.0,4.0,4.0,3.0,3.0,0.0,0.0,3.0,0.0,0.66,-0.47,0.77,0.55
Show your cock faggot.. the most depressing upload schedule ever.,40133,11134,4.0,4.0,4.0,3.0,3.0,3.0,1.0,1.0,3.0,2.0,0.66,-0.89,0.79,0.45
Most of this scammers are black bastards stinky Africans,40296,1852,4.0,4.0,4.0,4.0,4.0,3.0,0.0,0.0,4.0,2.0,1.85,-1.01,0.77,0.51
Most of this scammers are black bastards stinky Africans,40296,4374,4.0,4.0,4.0,3.0,1.0,3.0,0.0,0.0,4.0,2.0,1.85,0.67,1.21,1.14
Most of this scammers are black bastards stinky Africans,40296,9407,4.0,4.0,4.0,4.0,4.0,4.0,1.0,0.0,3.0,2.0,1.85,-0.54,1.0,0.85
"Wow. What a dog and pony show. Next to none of these ""graduates"" were paying for their educations in the first place. These schools are so subsidized not to mention all the grants and free rides for having melanin. Not to mention the curriculum in these schools is so watered down a 1.5 gpa high school sophomore would breeze through them. I bet 85% of these students couldn't even multiply fractions. Way to teach them personal responsibiltiy and how to pay their debts. What a joke.",40444,5238,4.0,3.0,4.0,3.0,3.0,2.0,0.0,0.0,3.0,0.0,0.81,0.25,1.41,1.96
"Wow. What a dog and pony show. Next to none of these ""graduates"" were paying for their educations in the first place. These schools are so subsidized not to mention all the grants and free rides for having melanin. Not to mention the curriculum in these schools is so watered down a 1.5 gpa high school sophomore would breeze through them. I bet 85% of these students couldn't even multiply fractions. Way to teach them personal responsibiltiy and how to pay their debts. What a joke.",40444,5690,3.0,4.0,3.0,4.0,3.0,3.0,0.0,0.0,3.0,0.0,0.81,0.67,1.1,1.21
"Wow. What a dog and pony show. Next to none of these ""graduates"" were paying for their educations in the first place. These schools are so subsidized not to mention all the grants and free rides for having melanin. Not to mention the curriculum in these schools is so watered down a 1.5 gpa high school sophomore would breeze through them. I bet 85% of these students couldn't even multiply fractions. Way to teach them personal responsibiltiy and how to pay their debts. What a joke.",40444,10275,4.0,4.0,4.0,3.0,3.0,0.0,0.0,0.0,3.0,0.0,0.81,-0.25,0.97,0.92
Canuck fans r gay lebitchs lol,40941,1998,3.0,3.0,3.0,3.0,3.0,2.0,0.0,0.0,3.0,0.0,0.12,0.86,0.7,0.47
Canuck fans r gay lebitchs lol,40941,6068,4.0,4.0,4.0,3.0,3.0,3.0,0.0,0.0,3.0,0.0,0.12,-0.3,0.89,0.74
Canuck fans r gay lebitchs lol,40941,8423,3.0,3.0,3.0,3.0,3.0,3.0,1.0,0.0,3.0,1.0,0.12,-0.9,0.91,1.06
Why is Mulan not black? Please someone answer this question kindly:,41122,2366,2.0,2.0,2.0,2.0,2.0,1.0,0.0,0.0,2.0,0.0,-1.64,0.43,0.71,1.09
Why is Mulan not black? Please someone answer this question kindly:,41122,7203,3.0,4.0,4.0,2.0,2.0,1.0,0.0,0.0,3.0,0.0,-1.64,0.33,1.13,0.96
Why is Mulan not black? Please someone answer this question kindly:,41122,8615,3.0,2.0,2.0,2.0,2.0,2.0,0.0,0.0,2.0,0.0,-1.64,-0.73,1.25,1.13
"The US is bombing 8 countries around the world, but it's the victim lmao",41251,3112,4.0,3.0,3.0,3.0,2.0,3.0,0.0,0.0,3.0,0.0,-0.55,-0.52,1.36,2.73
"America god is satan literally just study the symbols and signs on the back of your dollar bill starting with the all seeing eye pyrimad of lucifer literally those are not decorations and the white image of Jesus is Cesar Borgia a homosexual rapist murder and pedophile, his lover painted him, & check out, Dana Stevens : white church must wake up your enslaving god chosen, on YouTube this is a white man telling truth & the real Jesus aka Yeshua is from the tribe of Judah same tribe Negros aka Africans in America are from, God chosen people threw bloodline, our ancestors walked with Moses ⏳",41636,3442,3.0,3.0,3.0,4.0,3.0,3.0,0.0,0.0,3.0,0.0,-0.11,-0.26,1.24,1.17
"America god is satan literally just study the symbols and signs on the back of your dollar bill starting with the all seeing eye pyrimad of lucifer literally those are not decorations and the white image of Jesus is Cesar Borgia a homosexual rapist murder and pedophile, his lover painted him, & check out, Dana Stevens : white church must wake up your enslaving god chosen, on YouTube this is a white man telling truth & the real Jesus aka Yeshua is from the tribe of Judah same tribe Negros aka Africans in America are from, God chosen people threw bloodline, our ancestors walked with Moses ⏳",41636,5648,4.0,4.0,4.0,4.0,2.0,3.0,3.0,1.0,4.0,2.0,-0.11,0.77,1.68,2.34
"America god is satan literally just study the symbols and signs on the back of your dollar bill starting with the all seeing eye pyrimad of lucifer literally those are not decorations and the white image of Jesus is Cesar Borgia a homosexual rapist murder and pedophile, his lover painted him, & check out, Dana Stevens : white church must wake up your enslaving god chosen, on YouTube this is a white man telling truth & the real Jesus aka Yeshua is from the tribe of Judah same tribe Negros aka Africans in America are from, God chosen people threw bloodline, our ancestors walked with Moses ⏳",41636,7858,2.0,0.0,0.0,0.0,0.0,0.0,0.0,0.0,0.0,1.0,-0.11,0.6,1.38,1.09
WAIT WHY ISN'T MULAN IRANIAN? WHERE'S THE REPRESENTATION?,41686,3473,2.0,1.0,1.0,1.0,2.0,0.0,0.0,0.0,2.0,0.0,-3.38,0.02,1.09,1.63
WAIT WHY ISN'T MULAN IRANIAN? WHERE'S THE REPRESENTATION?,41686,7741,3.0,1.0,1.0,1.0,2.0,1.0,1.0,0.0,1.0,0.0,-3.38,-0.78,0.88,1.08
WAIT WHY ISN'T MULAN IRANIAN? WHERE'S THE REPRESENTATION?,41686,10626,3.0,2.0,2.0,2.0,2.0,0.0,0.0,0.0,1.0,0.0,-3.38,-0.16,1.42,1.36
"Kamala Harris, like so many politicians, tries to be ""one of the people"". She's not African-American. Her father was from Jamaica and was a professor at Princeton. Kamala talks about being a poor little girl getting on a bus. She went to high school in a private boarding school in Montreal. She's extremely privileged. I love HOW she speaks. She speaks like someone that comes from money and has a great education behind her. I just don't like WHAT she says. If Trump used her style to talk while keeping his same opinions he would be the love of the nation.",41879,2439,2.0,2.0,2.0,2.0,2.0,0.0,0.0,0.0,2.0,0.0,-2.49,0.03,1.16,0.79
"Everything this worm of a women does is a set up or trap , she should go home to the rat hole she came from !",42348,4637,4.0,4.0,4.0,3.0,4.0,4.0,1.0,0.0,4.0,0.0,0.47,-0.36,0.66,0.54
"Everything this worm of a women does is a set up or trap , she should go home to the rat hole she came from !",42348,8178,4.0,3.0,3.0,3.0,3.0,3.0,2.0,2.0,2.0,0.0,0.47,0.24,1.37,1.23
"Everything this worm of a women does is a set up or trap , she should go home to the rat hole she came from !",42348,9896,4.0,4.0,4.0,4.0,4.0,4.0,2.0,0.0,3.0,2.0,0.47,-0.08,1.3,1.76
"Everything this worm of a women does is a set up or trap , she should go home to the rat hole she came from !",42348,10173,4.0,3.0,2.0,2.0,2.0,2.0,1.0,1.0,3.0,0.0,0.47,0.0,0.78,0.76
"Trump, please do all necessary to wipe this demonic and british-made regime of iran from the face of the planet. We Iranians can't do anything because they are heavily armed and will kill everyone and their western protectors will close their eyes on it just like obsma, Britain, france...etc did Please Donald, be the Cyrus of our time. 90% iranians are waiting for you because we cannot go against guns and terrorist. The illegitimate islamic regime of iran is worse than isis.",42575,2390,2.0,2.0,2.0,2.0,2.0,2.0,3.0,0.0,3.0,0.0,-1.93,-0.17,0.73,0.92
Zionists are NOT the Biblical Jews of Old Testament Judea. Hard to find a real Jew these days huh? ( chosen ppl ). I hear all manner of speech about how Jews have corrupted the world AND rule banking and most governments.,42679,1097,3.0,3.0,3.0,3.0,2.0,3.0,0.0,0.0,3.0,2.0,-0.13,0.23,0.75,0.68
Zionists are NOT the Biblical Jews of Old Testament Judea. Hard to find a real Jew these days huh? ( chosen ppl ). I hear all manner of speech about how Jews have corrupted the world AND rule banking and most governments.,42679,1167,2.0,2.0,2.0,2.0,2.0,2.0,1.0,0.0,2.0,0.0,-0.13,-0.38,0.94,0.72
Zionists are NOT the Biblical Jews of Old Testament Judea. Hard to find a real Jew these days huh? ( chosen ppl ). I hear all manner of speech about how Jews have corrupted the world AND rule banking and most governments.,42679,2895,4.0,4.0,3.0,3.0,3.0,0.0,0.0,0.0,4.0,0.0,-0.13,0.46,1.35,1.15
Zionists are NOT the Biblical Jews of Old Testament Judea. Hard to find a real Jew these days huh? ( chosen ppl ). I hear all manner of speech about how Jews have corrupted the world AND rule banking and most governments.,42679,4537,4.0,4.0,4.0,4.0,4.0,4.0,1.0,1.0,4.0,0.0,-0.13,-0.75,1.21,0.64
"Dwight Howard is a undercover Faggot, this guy was caught on camera fondling Isiah Canaan penis when you were playing for the Rockets. Dwight's career is over because he's softer than marmalade and he couldn't shoot a beach ball into a ocean.",43341,3457,4.0,4.0,3.0,3.0,3.0,2.0,1.0,0.0,3.0,2.0,1.02,0.28,0.93,0.71
"Dwight Howard is a undercover Faggot, this guy was caught on camera fondling Isiah Canaan penis when you were playing for the Rockets. Dwight's career is over because he's softer than marmalade and he couldn't shoot a beach ball into a ocean.",43341,5860,4.0,4.0,4.0,3.0,3.0,1.0,1.0,0.0,3.0,2.0,1.02,0.28,0.77,0.51
"Dwight Howard is a undercover Faggot, this guy was caught on camera fondling Isiah Canaan penis when you were playing for the Rockets. Dwight's career is over because he's softer than marmalade and he couldn't shoot a beach ball into a ocean.",43341,7144,4.0,4.0,4.0,4.0,4.0,3.0,0.0,0.0,3.0,0.0,1.02,-0.33,0.77,0.62
"Dwight Howard is a undercover Faggot, this guy was caught on camera fondling Isiah Canaan penis when you were playing for the Rockets. Dwight's career is over because he's softer than marmalade and he couldn't shoot a beach ball into a ocean.",43341,9309,4.0,4.0,3.0,3.0,3.0,1.0,0.0,0.0,3.0,2.0,1.02,-0.17,0.7,0.53
Our people are brainwashed to believe in the devils children not our people,43493,2780,4.0,4.0,4.0,3.0,2.0,2.0,0.0,0.0,4.0,2.0,-0.03,-0.23,1.19,1.29
Our people are brainwashed to believe in the devils children not our people,43493,6552,4.0,3.0,1.0,3.0,2.0,1.0,0.0,0.0,2.0,2.0,-0.03,0.21,1.32,1.21
@Vamsi Krishna so now a transgender can give birth ?,43580,785,3.0,2.0,1.0,0.0,2.0,0.0,0.0,0.0,2.0,0.0,-1.29,0.4,1.42,1.2
@Vamsi Krishna so now a transgender can give birth ?,43580,2700,3.0,3.0,2.0,2.0,2.0,0.0,0.0,0.0,2.0,0.0,-1.29,0.83,0.96,0.69
@Vamsi Krishna so now a transgender can give birth ?,43580,3221,2.0,3.0,3.0,3.0,2.0,3.0,0.0,0.0,2.0,1.0,-1.29,0.01,0.9,0.78
@Vamsi Krishna so now a transgender can give birth ?,43580,8512,2.0,2.0,3.0,2.0,2.0,2.0,1.0,0.0,2.0,0.0,-1.29,1.05,0.9,0.9
And niggas say tyga and nahmih getting wack the fuck you mean,43595,2890,2.0,2.0,1.0,1.0,2.0,2.0,0.0,0.0,2.0,2.0,-1.17,0.51,0.99,1.01
And niggas say tyga and nahmih getting wack the fuck you mean,43595,6061,3.0,3.0,3.0,3.0,3.0,2.0,0.0,0.0,3.0,2.0,-1.17,-0.38,0.66,0.61
"+Melissa Thomas Well now that they've all been coached to claim Asylum because that's the easiest way to be released into the U.S. never to be seen again because 94% never show up for their court date , we have to spend hundreds of millions in the meanwhile housing them feeding them providing medical care and then again to deport them when they end up being arrested for various crimes.",43956,56,3.0,3.0,3.0,3.0,3.0,3.0,0.0,0.0,4.0,0.0,-1.02,-0.62,0.92,0.68
"+Melissa Thomas Well now that they've all been coached to claim Asylum because that's the easiest way to be released into the U.S. never to be seen again because 94% never show up for their court date , we have to spend hundreds of millions in the meanwhile housing them feeding them providing medical care and then again to deport them when they end up being arrested for various crimes.",43956,183,3.0,3.0,3.0,2.0,2.0,2.0,0.0,0.0,3.0,0.0,-1.02,-0.43,0.72,0.59
"+Melissa Thomas Well now that they've all been coached to claim Asylum because that's the easiest way to be released into the U.S. never to be seen again because 94% never show up for their court date , we have to spend hundreds of millions in the meanwhile housing them feeding them providing medical care and then again to deport them when they end up being arrested for various crimes.",43956,9169,3.0,3.0,1.0,1.0,2.0,1.0,0.0,0.0,3.0,0.0,-1.02,0.49,1.07,1.19
White people gonna gag when the geography change and coming in from Europe will get u deported right back to the region that don't know how to cook with flavor. Go back to ur snails on toast!,44044,1876,4.0,4.0,4.0,4.0,4.0,4.0,3.0,2.0,4.0,2.0,0.58,-0.07,1.81,2.89
White people gonna gag when the geography change and coming in from Europe will get u deported right back to the region that don't know how to cook with flavor. Go back to ur snails on toast!,44044,2661,4.0,4.0,3.0,2.0,3.0,2.0,1.0,0.0,3.0,0.0,0.58,-0.28,0.87,0.63
White people gonna gag when the geography change and coming in from Europe will get u deported right back to the region that don't know how to cook with flavor. Go back to ur snails on toast!,44044,6502,3.0,2.0,1.0,1.0,2.0,0.0,0.0,0.0,2.0,0.0,0.58,1.0,1.22,0.69
White people gonna gag when the geography change and coming in from Europe will get u deported right back to the region that don't know how to cook with flavor. Go back to ur snails on toast!,44044,10354,4.0,4.0,4.0,4.0,2.0,1.0,0.0,0.0,4.0,1.0,0.58,0.67,1.56,1.04
Thank you. It is frustrating when people use religion to judge others.,44367,5782,0.0,2.0,2.0,2.0,2.0,2.0,0.0,0.0,2.0,0.0,-2.26,-0.13,1.18,0.71
Thank you. It is frustrating when people use religion to judge others.,44367,7936,2.0,3.0,3.0,3.0,3.0,2.0,0.0,0.0,3.0,1.0,-2.26,-0.5,1.61,4.87
Like Trump said GO BACK TO UR OWN COUNTRY PLEASE!!!!!,44997,9614,4.0,4.0,4.0,4.0,4.0,4.0,1.0,0.0,3.0,2.0,0.86,-1.05,0.75,2.22
Like Trump said GO BACK TO UR OWN COUNTRY PLEASE!!!!!,44997,10871,3.0,4.0,3.0,3.0,3.0,3.0,0.0,0.0,4.0,0.0,0.86,0.06,0.82,0.77
An Iran who isn't kept in check will probably attack Israel leading to WW3. GET IT?,45219,3015,4.0,4.0,4.0,4.0,4.0,4.0,4.0,2.0,4.0,0.0,0.37,-0.41,1.24,2.34
An Iran who isn't kept in check will probably attack Israel leading to WW3. GET IT?,45219,3027,3.0,3.0,3.0,2.0,2.0,2.0,0.0,0.0,3.0,0.0,0.37,0.52,1.26,3.88
An Iran who isn't kept in check will probably attack Israel leading to WW3. GET IT?,45219,7279,3.0,3.0,3.0,3.0,3.0,2.0,2.0,2.0,3.0,0.0,0.37,0.46,0.87,0.73
An Iran who isn't kept in check will probably attack Israel leading to WW3. GET IT?,45219,10936,4.0,0.0,4.0,4.0,4.0,4.0,3.0,1.0,4.0,0.0,0.37,-0.46,1.6,1.03
Completely racist to not have a black woman play as Mulan! This is an outrage!!!!,45502,5245,4.0,2.0,1.0,1.0,2.0,1.0,1.0,1.0,1.0,0.0,-3.24,-0.32,0.84,0.84
Completely racist to not have a black woman play as Mulan! This is an outrage!!!!,45502,7027,3.0,0.0,0.0,0.0,3.0,2.0,0.0,0.0,0.0,0.0,-3.24,-0.29,1.42,0.88
"Thank you Brothers,Goy Gentile; non-observant jews; a jew unfamiliar with Judaism well speaks well for talmud in there own words.",45734,5508,0.0,0.0,0.0,0.0,2.0,0.0,0.0,0.0,0.0,0.0,-4.39,-0.23,1.89,1.05
"Thank you Brothers,Goy Gentile; non-observant jews; a jew unfamiliar with Judaism well speaks well for talmud in there own words.",45734,8306,1.0,1.0,1.0,1.0,2.0,2.0,0.0,0.0,1.0,0.0,-4.39,0.94,1.73,2.71
"Thank you Brothers,Goy Gentile; non-observant jews; a jew unfamiliar with Judaism well speaks well for talmud in there own words.",45734,9690,1.0,1.0,1.0,2.0,2.0,1.0,0.0,0.0,2.0,0.0,-4.39,0.0,0.86,0.98
"The question isn't about whether female soccer players should be getting as much $ as men soccer players, because it's a lucrative career either way, and limited by viewership and advertisement. The real question is this (and it affects all women, not just the rich ones): why is the US the only advanced economy that doesn't federally mandate paid maternity leave? Why aren't women being empowered to seek promotions, or to flee from abusive relationships and exploitative working conditions?",46044,7619,1.0,2.0,1.0,1.0,2.0,1.0,1.0,0.0,1.0,0.0,-3.01,0.12,1.03,0.7
"The question isn't about whether female soccer players should be getting as much $ as men soccer players, because it's a lucrative career either way, and limited by viewership and advertisement. The real question is this (and it affects all women, not just the rich ones): why is the US the only advanced economy that doesn't federally mandate paid maternity leave? Why aren't women being empowered to seek promotions, or to flee from abusive relationships and exploitative working conditions?",46044,9291,2.0,1.0,2.0,1.0,2.0,2.0,1.0,0.0,2.0,0.0,-3.01,0.58,1.32,1.46
"All brown and black countries are riddled with crime, poverty, and pollution due to the homogenous population's intellectual hindrance. Facts are racist.",46047,9077,3.0,4.0,4.0,3.0,4.0,3.0,1.0,0.0,3.0,2.0,1.36,0.25,0.79,0.6
"All brown and black countries are riddled with crime, poverty, and pollution due to the homogenous population's intellectual hindrance. Facts are racist.",46047,9971,4.0,4.0,4.0,3.0,4.0,4.0,1.0,0.0,3.0,0.0,1.36,-0.36,0.84,1.0
"All brown and black countries are riddled with crime, poverty, and pollution due to the homogenous population's intellectual hindrance. Facts are racist.",46047,10309,4.0,4.0,4.0,4.0,4.0,4.0,2.0,0.0,4.0,2.0,1.36,-0.71,0.73,0.64
"All brown and black countries are riddled with crime, poverty, and pollution due to the homogenous population's intellectual hindrance. Facts are racist.",46047,10901,4.0,4.0,4.0,4.0,4.0,2.0,1.0,0.0,3.0,0.0,1.36,0.44,0.64,0.51
White liberals violently assaulting a gay Asian because they claim he supports white supremacists. smh.,46366,922,0.0,1.0,1.0,1.0,2.0,1.0,0.0,0.0,1.0,0.0,-1.14,0.9,0.97,0.72
White liberals violently assaulting a gay Asian because they claim he supports white supremacists. smh.,46366,1921,4.0,3.0,0.0,0.0,2.0,2.0,0.0,0.0,2.0,0.0,-1.14,0.59,1.25,1.17
White liberals violently assaulting a gay Asian because they claim he supports white supremacists. smh.,46366,4792,3.0,3.0,3.0,2.0,3.0,3.0,1.0,0.0,3.0,1.0,-1.14,0.6,1.01,1.21
White liberals violently assaulting a gay Asian because they claim he supports white supremacists. smh.,46366,5292,3.0,3.0,3.0,3.0,2.0,2.0,3.0,0.0,3.0,2.0,-1.14,-0.29,0.81,0.73
"He is RoHitman Sharma, an extraordinary player of Indian cricket team.... who has no ego at all and good human being also. 🇮🇳🇮🇳",46966,1964,0.0,1.0,0.0,0.0,2.0,0.0,0.0,0.0,2.0,0.0,-3.4,0.71,0.93,0.71
"He is RoHitman Sharma, an extraordinary player of Indian cricket team.... who has no ego at all and good human being also. 🇮🇳🇮🇳",46966,3122,2.0,2.0,2.0,2.0,2.0,2.0,0.0,0.0,2.0,0.0,-3.4,-0.72,1.33,1.31
🧬🧬🧬 *IM SMARTER THAN SSSNIPERWOLF.I KNOW EVERYTHING ABOUT RACE AND COLOR SCIENCE. SSSNIPERWOLF WANTS SWEDES TO FREEZE AND BLACKS TO BURN. My videos are the only TRUTH ABOUT RACE WHITE AND BLACK. IM WHITE AND I KNOW EVERYTHING ABOUT BLACK PEOPLE* HI SNIPERWOLF I LIVE IN GLENDALE TOO,47074,609,4.0,2.0,2.0,1.0,2.0,2.0,3.0,3.0,4.0,2.0,-1.55,-0.67,1.37,3.0
🧬🧬🧬 *IM SMARTER THAN SSSNIPERWOLF.I KNOW EVERYTHING ABOUT RACE AND COLOR SCIENCE. SSSNIPERWOLF WANTS SWEDES TO FREEZE AND BLACKS TO BURN. My videos are the only TRUTH ABOUT RACE WHITE AND BLACK. IM WHITE AND I KNOW EVERYTHING ABOUT BLACK PEOPLE* HI SNIPERWOLF I LIVE IN GLENDALE TOO,47074,4408,3.0,3.0,2.0,2.0,2.0,2.0,2.0,2.0,2.0,0.0,-1.55,0.51,0.81,0.65
🧬🧬🧬 *IM SMARTER THAN SSSNIPERWOLF.I KNOW EVERYTHING ABOUT RACE AND COLOR SCIENCE. SSSNIPERWOLF WANTS SWEDES TO FREEZE AND BLACKS TO BURN. My videos are the only TRUTH ABOUT RACE WHITE AND BLACK. IM WHITE AND I KNOW EVERYTHING ABOUT BLACK PEOPLE* HI SNIPERWOLF I LIVE IN GLENDALE TOO,47074,4527,2.0,2.0,2.0,2.0,2.0,2.0,2.0,2.0,2.0,0.0,-1.55,-0.24,0.93,0.83
Can I trade in my white privilege for the privilege Don lemon has. I like his better.,47161,254,2.0,2.0,1.0,1.0,1.0,0.0,0.0,0.0,2.0,0.0,-4.43,-0.3,0.71,0.52
Can I trade in my white privilege for the privilege Don lemon has. I like his better.,47161,2406,0.0,0.0,0.0,0.0,1.0,0.0,0.0,0.0,0.0,0.0,-4.43,-0.45,1.8,1.14
Americans are so qiuck to condem foreign nationalies yet they letting their own criminals roam free....f that,47262,1952,2.0,3.0,1.0,0.0,2.0,0.0,0.0,0.0,2.0,0.0,-0.46,0.55,1.01,0.73
Americans are so qiuck to condem foreign nationalies yet they letting their own criminals roam free....f that,47262,2645,3.0,3.0,3.0,3.0,3.0,1.0,1.0,0.0,3.0,0.0,-0.46,0.69,1.27,1.38
Americans are so qiuck to condem foreign nationalies yet they letting their own criminals roam free....f that,47262,5941,3.0,3.0,3.0,3.0,2.0,2.0,0.0,0.0,3.0,0.0,-0.46,0.9,1.65,6.61
I can hit you're bitch but u never can hit mine nigga ⚠️,47522,9589,4.0,4.0,3.0,1.0,3.0,1.0,1.0,0.0,3.0,0.0,0.61,0.36,1.22,1.05
I can hit you're bitch but u never can hit mine nigga ⚠️,47522,10961,4.0,4.0,4.0,2.0,2.0,3.0,4.0,0.0,4.0,2.0,0.61,-0.58,1.36,1.59
"It was Africans who sold slaves to the Americans, they didn't capture them. It was all for the money. Africans didn't care about each other, they wanted the money",47554,3249,4.0,4.0,4.0,4.0,2.0,4.0,2.0,1.0,4.0,2.0,-0.15,-0.29,0.91,0.94
"It was Africans who sold slaves to the Americans, they didn't capture them. It was all for the money. Africans didn't care about each other, they wanted the money",47554,3749,2.0,2.0,0.0,0.0,2.0,1.0,1.0,0.0,2.0,0.0,-0.15,0.2,1.49,1.62
"It was Africans who sold slaves to the Americans, they didn't capture them. It was all for the money. Africans didn't care about each other, they wanted the money",47554,4166,4.0,4.0,4.0,3.0,2.0,4.0,0.0,0.0,4.0,0.0,-0.15,-0.3,0.91,0.75
"Wel never get prostitution because of adultery. couples will be angry that their spouse will have a socially acceptable place where they can be unfaithful, and all the bible thumpers will back them.",47767,7633,3.0,2.0,2.0,1.0,2.0,1.0,0.0,0.0,2.0,0.0,-0.8,0.62,0.95,0.76
"Wel never get prostitution because of adultery. couples will be angry that their spouse will have a socially acceptable place where they can be unfaithful, and all the bible thumpers will back them.",47767,9311,3.0,3.0,3.0,2.0,3.0,0.0,0.0,0.0,3.0,0.0,-0.8,0.58,0.95,0.76
"""Don't be mad Ray Charles, I don't get to see my niggas either"" that shii hit  Like for the homies that ain forgotten",48308,23,2.0,2.0,1.0,1.0,2.0,1.0,1.0,1.0,2.0,0.0,-2.52,-0.28,1.05,1.3
"""Don't be mad Ray Charles, I don't get to see my niggas either"" that shii hit  Like for the homies that ain forgotten",48308,1436,1.0,0.0,0.0,0.0,2.0,0.0,0.0,0.0,0.0,0.0,-2.52,-0.28,1.64,1.0
"""Don't be mad Ray Charles, I don't get to see my niggas either"" that shii hit  Like for the homies that ain forgotten",48308,2803,2.0,2.0,2.0,1.0,2.0,1.0,1.0,0.0,2.0,0.0,-2.52,-0.61,0.87,0.75
"""Don't be mad Ray Charles, I don't get to see my niggas either"" that shii hit  Like for the homies that ain forgotten",48308,8665,4.0,4.0,4.0,4.0,2.0,4.0,0.0,0.0,3.0,2.0,-2.52,-0.73,1.73,2.6
Hahaha! Black people should never eat chicken in public! LMFAO! #thafamily,48719,4446,3.0,4.0,4.0,4.0,3.0,4.0,0.0,0.0,3.0,1.0,0.28,0.17,0.74,0.51
Hahaha! Black people should never eat chicken in public! LMFAO! #thafamily,48719,6634,4.0,4.0,4.0,4.0,4.0,4.0,0.0,0.0,4.0,2.0,0.28,-0.71,1.43,0.87
Hahaha! Black people should never eat chicken in public! LMFAO! #thafamily,48719,10415,3.0,3.0,3.0,2.0,2.0,1.0,0.0,0.0,3.0,0.0,0.28,0.76,0.52,0.46
Hahaha! Black people should never eat chicken in public! LMFAO! #thafamily,48719,10511,2.0,2.0,3.0,3.0,2.0,0.0,0.0,0.0,2.0,0.0,0.28,0.59,1.2,1.76
wrixst hOeS mAd,48880,1610,3.0,3.0,3.0,3.0,2.0,3.0,0.0,0.0,0.0,0.0,-0.49,0.69,1.32,1.13
wrixst hOeS mAd,48880,7018,3.0,3.0,3.0,3.0,3.0,3.0,0.0,0.0,3.0,1.0,-0.49,-0.6,1.2,0.99
This is what happens when you give blacks total control over a white level civilization.,48916,4678,4.0,4.0,4.0,4.0,4.0,3.0,1.0,0.0,3.0,0.0,0.8,-0.99,1.05,0.69
This is what happens when you give blacks total control over a white level civilization.,48916,5832,4.0,4.0,3.0,3.0,4.0,3.0,0.0,0.0,4.0,0.0,0.8,0.09,0.84,0.86
This is what happens when you give blacks total control over a white level civilization.,48916,6811,4.0,4.0,3.0,3.0,4.0,2.0,0.0,0.0,4.0,0.0,0.8,-0.09,0.93,0.71
They receive death threats because they are anti American. Has nothing to do with Trump. Play the shir were the clearly state they hate America and its values. They are Muslim and want sharia law to rule the land!,48918,1078,3.0,3.0,3.0,3.0,3.0,2.0,2.0,0.0,3.0,2.0,0.36,-0.36,1.0,0.83
They receive death threats because they are anti American. Has nothing to do with Trump. Play the shir were the clearly state they hate America and its values. They are Muslim and want sharia law to rule the land!,48918,9296,4.0,4.0,4.0,4.0,4.0,3.0,2.0,1.0,4.0,0.0,0.36,-0.4,1.57,1.17
They receive death threats because they are anti American. Has nothing to do with Trump. Play the shir were the clearly state they hate America and its values. They are Muslim and want sharia law to rule the land!,48918,10419,4.0,4.0,4.0,2.0,3.0,0.0,1.0,0.0,4.0,0.0,0.36,-0.65,1.0,0.95
No she didnt. Now shes a failure and a man!,48954,546,4.0,2.0,3.0,3.0,4.0,3.0,0.0,0.0,3.0,0.0,0.16,0.27,1.26,0.75
No she didnt. Now shes a failure and a man!,48954,2654,3.0,3.0,3.0,3.0,3.0,1.0,1.0,0.0,3.0,0.0,0.16,-0.38,0.9,0.71
No she didnt. Now shes a failure and a man!,48954,3056,4.0,4.0,4.0,4.0,3.0,4.0,1.0,0.0,3.0,0.0,0.16,-0.41,0.79,0.61
sooooo??? what we now just for illegal immigration??? Than don't complain when terrorist come in like a field day ....idiots .... what a disgrace to anyone who suffered from 911 directly,49416,25,3.0,3.0,3.0,3.0,3.0,2.0,1.0,1.0,3.0,1.0,-0.14,0.19,0.67,0.62
sooooo??? what we now just for illegal immigration??? Than don't complain when terrorist come in like a field day ....idiots .... what a disgrace to anyone who suffered from 911 directly,49416,858,3.0,3.0,2.0,1.0,2.0,0.0,0.0,0.0,2.0,1.0,-0.14,0.76,1.57,1.45
sooooo??? what we now just for illegal immigration??? Than don't complain when terrorist come in like a field day ....idiots .... what a disgrace to anyone who suffered from 911 directly,49416,1977,4.0,4.0,3.0,3.0,4.0,1.0,1.0,1.0,3.0,0.0,-0.14,-0.26,0.72,0.55
sooooo??? what we now just for illegal immigration??? Than don't complain when terrorist come in like a field day ....idiots .... what a disgrace to anyone who suffered from 911 directly,49416,7861,4.0,4.0,4.0,4.0,4.0,2.0,2.0,2.0,3.0,0.0,-0.14,-0.47,1.13,1.01
His jew lawyer also had sexual charges against him,49482,4868,4.0,4.0,4.0,4.0,3.0,3.0,0.0,0.0,4.0,2.0,0.01,-0.53,1.14,0.93
His jew lawyer also had sexual charges against him,49482,6047,4.0,4.0,4.0,4.0,4.0,2.0,1.0,0.0,4.0,2.0,0.01,-0.88,1.43,1.33
His jew lawyer also had sexual charges against him,49482,9848,3.0,3.0,3.0,1.0,2.0,1.0,1.0,0.0,3.0,0.0,0.01,-0.6,1.17,1.19
His jew lawyer also had sexual charges against him,49482,10844,3.0,3.0,3.0,3.0,2.0,2.0,0.0,0.0,2.0,0.0,0.01,0.34,0.58,0.56
That's why he is our thala Dhoni,49563,10648,1.0,2.0,2.0,2.0,2.0,1.0,1.0,1.0,1.0,0.0,-3.32,0.03,1.5,2.7
The man is mentally ill. He needs help.,49699,8195,3.0,4.0,3.0,3.0,4.0,3.0,0.0,0.0,2.0,0.0,0.05,0.07,1.16,0.97
The white girl is the first time in 8 years that a white person has even reached the final group . It's always Indians,49707,5130,2.0,2.0,1.0,1.0,2.0,1.0,1.0,1.0,2.0,0.0,-2.58,0.95,0.84,0.74
The white girl is the first time in 8 years that a white person has even reached the final group . It's always Indians,49707,7628,3.0,3.0,1.0,0.0,2.0,0.0,0.0,0.0,2.0,0.0,-2.58,-0.56,1.25,0.91
The white girl is the first time in 8 years that a white person has even reached the final group . It's always Indians,49707,7785,3.0,2.0,1.0,1.0,0.0,0.0,0.0,0.0,2.0,0.0,-2.58,-0.38,0.77,0.66
The white girl is the first time in 8 years that a white person has even reached the final group . It's always Indians,49707,9882,3.0,2.0,1.0,1.0,2.0,0.0,0.0,0.0,2.0,0.0,-2.58,-0.18,0.99,0.99
Why are most of these women protesters fat and ugly?,49844,15,3.0,4.0,3.0,3.0,3.0,3.0,1.0,1.0,2.0,0.0,0.39,0.38,0.97,2.22
Why are most of these women protesters fat and ugly?,49844,6859,4.0,4.0,3.0,3.0,2.0,2.0,1.0,1.0,3.0,0.0,0.39,0.94,1.22,1.02
Why are most of these women protesters fat and ugly?,49844,9696,4.0,3.0,3.0,3.0,2.0,1.0,0.0,0.0,3.0,0.0,0.39,0.28,1.05,1.02
